prediction_model,seed,copula_name,k_tau,alpha_c_mult,alpha_c_used,censoring_rate,ibs_true,ibs_ipcw,ibs_dep_bguw,bias_ipcw,bias_dep_bguw,err_ipcw,err_dep_bguw
oracle_fixed_per_seed,0,clayton,0.0,0.9830508474576272,18.677966101694917,0.5001,0.07015034619301057,0.1005597363571622,0.09682212825840338,0.03040939016415163,0.026671782065392807,0.03040939016415163,0.026671782065392807
oracle_fixed_per_seed,0,clayton,0.1,0.9830508474576272,18.677966101694917,0.5065,0.07015034619301057,0.10209650974712857,0.09991969019666927,0.031946163554118,0.0297693440036587,0.031946163554118,0.0297693440036587
oracle_fixed_per_seed,0,clayton,0.2,0.9830508474576272,18.677966101694917,0.5053000000000001,0.07015034619301057,0.10223349171520398,0.0911146904303603,0.03208314552219341,0.020964344237349733,0.03208314552219341,0.020964344237349733
oracle_fixed_per_seed,0,clayton,0.3,0.9830508474576272,18.677966101694917,0.513,0.07015034619301057,0.1250084553719302,0.0913922052905752,0.05485810917891963,0.02124185909756464,0.05485810917891963,0.02124185909756464
oracle_fixed_per_seed,0,clayton,0.4,0.9830508474576272,18.677966101694917,0.5151,0.07015034619301057,0.13380500588369076,0.08554994129038286,0.0636546596906802,0.015399595097372293,0.0636546596906802,0.015399595097372293
oracle_fixed_per_seed,0,clayton,0.5,0.9830508474576272,18.677966101694917,0.5147999999999999,0.07015034619301057,0.12284316252756074,0.08912466742086367,0.05269281633455017,0.0189743212278531,0.05269281633455017,0.0189743212278531
oracle_fixed_per_seed,0,clayton,0.6,0.9830508474576272,18.677966101694917,0.5201,0.07015034619301057,0.12794788693696107,0.08914402184585954,0.05779754074395051,0.01899367565284897,0.05779754074395051,0.01899367565284897
oracle_fixed_per_seed,0,clayton,0.7,0.9830508474576272,18.677966101694917,0.5155000000000001,0.07015034619301057,0.12876825306140335,0.08926219284746069,0.058617906868392786,0.01911184665445012,0.058617906868392786,0.01911184665445012
oracle_fixed_per_seed,0,clayton,0.8,0.9830508474576272,18.677966101694917,0.5077,0.07015034619301057,0.13607731982313406,0.08759697161383183,0.0659269736301235,0.01744662542082126,0.0659269736301235,0.01744662542082126
oracle_fixed_per_seed,0,frank,0.0,0.9830508474576272,18.677966101694917,0.496,0.07015034619301057,0.09826592418164018,0.09962462557206693,0.02811557798862961,0.029474279379056362,0.02811557798862961,0.029474279379056362
oracle_fixed_per_seed,0,frank,0.1,0.9830508474576272,18.677966101694917,0.5009,0.07015034619301057,0.08935168229244067,0.09368933550901647,0.019201336099430102,0.0235389893160059,0.019201336099430102,0.0235389893160059
oracle_fixed_per_seed,0,frank,0.2,0.9830508474576272,18.677966101694917,0.5025,0.07015034619301057,0.09378090649137202,0.09727171164672474,0.023630560298361455,0.027121365453714172,0.023630560298361455,0.027121365453714172
oracle_fixed_per_seed,0,frank,0.3,0.9830508474576272,18.677966101694917,0.4989,0.07015034619301057,0.09596942370757355,0.0980477336810706,0.025819077514562985,0.027897387488060033,0.025819077514562985,0.027897387488060033
oracle_fixed_per_seed,0,frank,0.4,0.9830508474576272,18.677966101694917,0.4951,0.07015034619301057,0.11028116982840924,0.09491137406551835,0.040130823635398674,0.02476102787250778,0.040130823635398674,0.02476102787250778
oracle_fixed_per_seed,0,frank,0.5,0.9830508474576272,18.677966101694917,0.4978,0.07015034619301057,0.10158229518005292,0.09840627714276634,0.03143194898704235,0.028255930949755773,0.03143194898704235,0.028255930949755773
oracle_fixed_per_seed,0,frank,0.6,0.9830508474576272,18.677966101694917,0.493,0.07015034619301057,0.1082151249292149,0.09771899275272654,0.03806477873620433,0.02756864655971597,0.03806477873620433,0.02756864655971597
oracle_fixed_per_seed,0,frank,0.7,0.9830508474576272,18.677966101694917,0.4861,0.07015034619301057,0.10759233693477367,0.09338066482308958,0.037441990741763104,0.023230318630079017,0.037441990741763104,0.023230318630079017
oracle_fixed_per_seed,0,frank,0.8,0.9830508474576272,18.677966101694917,0.48260000000000003,0.07015034619301057,0.11193915048599534,0.09663286023535889,0.041788804292984774,0.026482514042348318,0.041788804292984774,0.026482514042348318
oracle_fixed_per_seed,1,clayton,0.0,1.1355932203389831,21.576271186440678,0.5037,0.07923602526946576,0.10465414010770697,0.10161248235987583,0.025418114838241218,0.02237645709041007,0.025418114838241218,0.02237645709041007
oracle_fixed_per_seed,1,clayton,0.1,1.1355932203389831,21.576271186440678,0.503,0.07923602526946576,0.10523753547510699,0.09793686326056705,0.02600151020564123,0.018700837991101296,0.02600151020564123,0.018700837991101296
oracle_fixed_per_seed,1,clayton,0.2,1.1355932203389831,21.576271186440678,0.5094000000000001,0.07923602526946576,0.13247169731387323,0.09470198895344403,0.053235672044407475,0.015465963683978276,0.053235672044407475,0.015465963683978276
oracle_fixed_per_seed,1,clayton,0.3,1.1355932203389831,21.576271186440678,0.5112,0.07923602526946576,0.11039292740612353,0.09694313034665662,0.03115690213665777,0.017707105077190866,0.03115690213665777,0.017707105077190866
oracle_fixed_per_seed,1,clayton,0.4,1.1355932203389831,21.576271186440678,0.5149,0.07923602526946576,0.11505449133100487,0.09431307769858448,0.035818466061539114,0.01507705242911872,0.035818466061539114,0.01507705242911872
oracle_fixed_per_seed,1,clayton,0.5,1.1610169491525424,22.059322033898304,0.4827,0.07923602526946576,0.11745454557780015,0.0964404749829117,0.03821852030833439,0.017204449713445938,0.03821852030833439,0.017204449713445938
oracle_fixed_per_seed,1,clayton,0.6,1.1355932203389831,21.576271186440678,0.5161,0.07923602526946576,0.1278806796499632,0.09585738062752172,0.048644654380497435,0.016621355358055964,0.048644654380497435,0.016621355358055964
oracle_fixed_per_seed,1,clayton,0.7,1.1355932203389831,21.576271186440678,0.5178,0.07923602526946576,0.12267675621753786,0.09443996776130568,0.043440730948072104,0.015203942491839928,0.043440730948072104,0.015203942491839928
oracle_fixed_per_seed,1,clayton,0.8,1.1355932203389831,21.576271186440678,0.5119,0.07923602526946576,0.12665010893145393,0.09375197430307661,0.04741408366198817,0.01451594903361085,0.04741408366198817,0.01451594903361085
oracle_fixed_per_seed,1,frank,0.0,1.1355932203389831,21.576271186440678,0.5026999999999999,0.07923602526946576,0.09856477733713373,0.09898415595846442,0.019328752067667973,0.019748130688998666,0.019328752067667973,0.019748130688998666
oracle_fixed_per_seed,1,frank,0.1,1.1355932203389831,21.576271186440678,0.5059,0.07923602526946576,0.09625244750299496,0.09437630654694186,0.0170164222335292,0.015140281277476103,0.0170164222335292,0.015140281277476103
oracle_fixed_per_seed,1,frank,0.2,1.1355932203389831,21.576271186440678,0.5085999999999999,0.07923602526946576,0.10585506916353543,0.1013528415922091,0.026619043894069674,0.022116816322743343,0.026619043894069674,0.022116816322743343
oracle_fixed_per_seed,1,frank,0.3,1.1355932203389831,21.576271186440678,0.5017,0.07923602526946576,0.1025918426460576,0.09660815035258642,0.023355817376591842,0.017372125083120665,0.023355817376591842,0.017372125083120665
oracle_fixed_per_seed,1,frank,0.4,1.1355932203389831,21.576271186440678,0.5058,0.07923602526946576,0.11225148900045419,0.10060192167107306,0.03301546373098843,0.0213658964016073,0.03301546373098843,0.0213658964016073
oracle_fixed_per_seed,1,frank,0.5,1.1355932203389831,21.576271186440678,0.5089,0.07923602526946576,0.09895541046127201,0.09842936041066364,0.019719385191806257,0.01919333514119788,0.019719385191806257,0.01919333514119788
oracle_fixed_per_seed,1,frank,0.6,1.1355932203389831,21.576271186440678,0.504,0.07923602526946576,0.12672196703217822,0.09563411122379117,0.047485941762712466,0.016398085954325417,0.047485941762712466,0.016398085954325417
oracle_fixed_per_seed,1,frank,0.7,1.1355932203389831,21.576271186440678,0.4952,0.07923602526946576,0.11540654153225907,0.09885996546362862,0.036170516262793315,0.01962394019416286,0.036170516262793315,0.01962394019416286
oracle_fixed_per_seed,1,frank,0.8,1.1355932203389831,21.576271186440678,0.4921,0.07923602526946576,0.10860516316063125,0.09624502420282534,0.029369137891165492,0.01700899893335958,0.029369137891165492,0.01700899893335958
oracle_fixed_per_seed,2,clayton,0.0,0.5254237288135594,9.983050847457628,0.5151,0.07383382475577097,0.09825427101901973,0.10084343879227486,0.02442044626324877,0.0270096140365039,0.02442044626324877,0.0270096140365039
oracle_fixed_per_seed,2,clayton,0.1,0.5254237288135594,9.983050847457628,0.5174000000000001,0.07383382475577097,0.10029210924743015,0.09623249765671799,0.026458284491659184,0.02239867290094702,0.026458284491659184,0.02239867290094702
oracle_fixed_per_seed,2,clayton,0.2,0.5254237288135594,9.983050847457628,0.5238,0.07383382475577097,0.11527853143272568,0.099818813573187,0.04144470667695471,0.025984988817416038,0.04144470667695471,0.025984988817416038
oracle_fixed_per_seed,2,clayton,0.3,0.5254237288135594,9.983050847457628,0.5232,0.07383382475577097,0.14305839752596755,0.0936039430898521,0.06922457277019659,0.01977011833408114,0.06922457277019659,0.01977011833408114
oracle_fixed_per_seed,2,clayton,0.4,0.5254237288135594,9.983050847457628,0.5176000000000001,0.07383382475577097,0.09924108177599754,0.08948794691925467,0.025407257020226573,0.015654122163483705,0.025407257020226573,0.015654122163483705
oracle_fixed_per_seed,2,clayton,0.5,0.5254237288135594,9.983050847457628,0.5308999999999999,0.07383382475577097,0.22748850532847173,0.08852829123340443,0.15365468057270076,0.014694466477633464,0.15365468057270076,0.014694466477633464
oracle_fixed_per_seed,2,clayton,0.6,0.5254237288135594,9.983050847457628,0.5234,0.07383382475577097,0.14623730781084046,0.08906509140383125,0.0724034830550695,0.01523126664806028,0.0724034830550695,0.01523126664806028
oracle_fixed_per_seed,2,clayton,0.7,0.5254237288135594,9.983050847457628,0.5256000000000001,0.07383382475577097,0.2163591975961189,0.08593422198496037,0.14252537284034794,0.012100397229189402,0.14252537284034794,0.012100397229189402
oracle_fixed_per_seed,2,clayton,0.8,0.5254237288135594,9.983050847457628,0.5207999999999999,0.07383382475577097,0.13039135441788177,0.08453201528238574,0.056557529662110806,0.010698190526614776,0.056557529662110806,0.010698190526614776
oracle_fixed_per_seed,2,frank,0.0,0.5254237288135594,9.983050847457628,0.5102,0.07383382475577097,0.09188115653517491,0.10252549120082799,0.018047331779403944,0.028691666445057024,0.018047331779403944,0.028691666445057024
oracle_fixed_per_seed,2,frank,0.1,0.5254237288135594,9.983050847457628,0.513,0.07383382475577097,0.10292572529966003,0.09797936955086484,0.029091900543889063,0.02414554479509387,0.029091900543889063,0.02414554479509387
oracle_fixed_per_seed,2,frank,0.2,0.5254237288135594,9.983050847457628,0.5161,0.07383382475577097,0.09714096459113411,0.10422521025202068,0.023307139835363144,0.030391385496249715,0.023307139835363144,0.030391385496249715
oracle_fixed_per_seed,2,frank,0.3,0.5254237288135594,9.983050847457628,0.5114000000000001,0.07383382475577097,0.11304699711406987,0.10172555399843036,0.03921317235829891,0.027891729242659397,0.03921317235829891,0.027891729242659397
oracle_fixed_per_seed,2,frank,0.4,0.5254237288135594,9.983050847457628,0.52,0.07383382475577097,0.11081105906458119,0.10061845188377229,0.036977234308810225,0.026784627128001323,0.036977234308810225,0.026784627128001323
oracle_fixed_per_seed,2,frank,0.5,0.5254237288135594,9.983050847457628,0.5114000000000001,0.07383382475577097,0.10487620671125363,0.0963972591149826,0.03104238195548266,0.02256343435921164,0.03104238195548266,0.02256343435921164
oracle_fixed_per_seed,2,frank,0.6,0.5254237288135594,9.983050847457628,0.5213,0.07383382475577097,0.10313337002257471,0.09784494719422895,0.029299545266803742,0.024011122438457988,0.029299545266803742,0.024011122438457988
oracle_fixed_per_seed,2,frank,0.7,0.5254237288135594,9.983050847457628,0.5081,0.07383382475577097,0.10482126639787788,0.09706717077880997,0.030987441642106914,0.023233346023039003,0.030987441642106914,0.023233346023039003
oracle_fixed_per_seed,2,frank,0.8,0.5254237288135594,9.983050847457628,0.51,0.07383382475577097,0.11854885265012005,0.09762716781327098,0.044715027894349085,0.023793343057500013,0.044715027894349085,0.023793343057500013
oracle_fixed_per_seed,3,clayton,0.0,0.652542372881356,12.398305084745763,0.48329999999999995,0.06748319765021946,0.08193627702797912,0.09248574222413292,0.014453079377759664,0.02500254457391346,0.014453079377759664,0.02500254457391346
oracle_fixed_per_seed,3,clayton,0.1,0.652542372881356,12.398305084745763,0.47940000000000005,0.06748319765021946,0.1050412989107141,0.09341745994354696,0.03755810126049465,0.0259342622933275,0.03755810126049465,0.0259342622933275
oracle_fixed_per_seed,3,clayton,0.2,0.652542372881356,12.398305084745763,0.48360000000000003,0.06748319765021946,0.10190100240472136,0.0900777284228633,0.0344178047545019,0.02259453077264384,0.0344178047545019,0.02259453077264384
oracle_fixed_per_seed,3,clayton,0.3,0.652542372881356,12.398305084745763,0.4818,0.06748319765021946,0.1010368755884276,0.09222086609981768,0.03355367793820814,0.024737668449598224,0.03355367793820814,0.024737668449598224
oracle_fixed_per_seed,3,clayton,0.4,0.652542372881356,12.398305084745763,0.4827,0.06748319765021946,0.11186339989534598,0.09077952032051124,0.044380202245126524,0.02329632267029179,0.044380202245126524,0.02329632267029179
oracle_fixed_per_seed,3,clayton,0.5,0.652542372881356,12.398305084745763,0.4831,0.06748319765021946,0.10014088478413304,0.08734525358619116,0.03265768713391358,0.019862055935971706,0.03265768713391358,0.019862055935971706
oracle_fixed_per_seed,3,clayton,0.6,0.652542372881356,12.398305084745763,0.4797,0.06748319765021946,0.10414634604887603,0.08759243375544028,0.03666314839865657,0.02010923610522082,0.03666314839865657,0.02010923610522082
oracle_fixed_per_seed,3,clayton,0.7,0.652542372881356,12.398305084745763,0.4689,0.06748319765021946,0.10535286723648064,0.08617241313748567,0.03786966958626119,0.01868921548726621,0.03786966958626119,0.01868921548726621
oracle_fixed_per_seed,3,clayton,0.8,0.652542372881356,12.398305084745763,0.4658,0.06748319765021946,0.09949221333596209,0.08477897116091229,0.03200901568574263,0.017295773510692836,0.03200901568574263,0.017295773510692836
oracle_fixed_per_seed,3,frank,0.0,0.6271186440677966,11.915254237288135,0.513,0.06748319765021946,0.09804453184150269,0.10118475299529234,0.030561334191283235,0.03370155534507288,0.030561334191283235,0.03370155534507288
oracle_fixed_per_seed,3,frank,0.1,0.6271186440677966,11.915254237288135,0.5214,0.06748319765021946,0.09452163996439818,0.09994330698591385,0.02703844231417872,0.03246010933569439,0.02703844231417872,0.03246010933569439
oracle_fixed_per_seed,3,frank,0.2,0.652542372881356,12.398305084745763,0.4817,0.06748319765021946,0.09622575396467892,0.09573512919937627,0.02874255631445946,0.02825193154915681,0.02874255631445946,0.02825193154915681
oracle_fixed_per_seed,3,frank,0.3,0.6271186440677966,11.915254237288135,0.5234,0.06748319765021946,0.10737001906014663,0.09760499806508045,0.03988682140992718,0.030121800414860997,0.03988682140992718,0.030121800414860997
oracle_fixed_per_seed,3,frank,0.4,0.6271186440677966,11.915254237288135,0.5252,0.06748319765021946,0.10590422169102716,0.09893569959510208,0.0384210240408077,0.031452501944882624,0.0384210240408077,0.031452501944882624
oracle_fixed_per_seed,3,frank,0.5,0.6271186440677966,11.915254237288135,0.5237,0.06748319765021946,0.10379988685174951,0.097616150828989,0.036316689201530056,0.030132953178769545,0.036316689201530056,0.030132953178769545
oracle_fixed_per_seed,3,frank,0.6,0.6271186440677966,11.915254237288135,0.5257000000000001,0.06748319765021946,0.09647264333500573,0.09367637727491229,0.028989445684786272,0.026193179624692836,0.028989445684786272,0.026193179624692836
oracle_fixed_per_seed,3,frank,0.7,0.6271186440677966,11.915254237288135,0.5264,0.06748319765021946,0.10827464801924626,0.09309557659860794,0.0407914503690268,0.025612378948388484,0.0407914503690268,0.025612378948388484
oracle_fixed_per_seed,3,frank,0.8,0.6271186440677966,11.915254237288135,0.5232,0.06748319765021946,0.0909442745872538,0.09113649058851259,0.02346107693703435,0.02365329293829313,0.02346107693703435,0.02365329293829313
oracle_fixed_per_seed,4,clayton,0.0,0.6779661016949152,12.88135593220339,0.5186,0.07331623783298681,0.09086189937525531,0.09854965548380425,0.017545661542268498,0.025233417650817436,0.017545661542268498,0.025233417650817436
oracle_fixed_per_seed,4,clayton,0.1,0.7033898305084746,13.364406779661017,0.483,0.07331623783298681,0.09560880939925623,0.09547847062801591,0.022292571566269417,0.022162232795029102,0.022292571566269417,0.022162232795029102
oracle_fixed_per_seed,4,clayton,0.2,0.7033898305084746,13.364406779661017,0.482,0.07331623783298681,0.0989800615136404,0.09467784773149934,0.02566382368065359,0.021361609898512532,0.02566382368065359,0.021361609898512532
oracle_fixed_per_seed,4,clayton,0.3,0.7033898305084746,13.364406779661017,0.4786,0.07331623783298681,0.1026753742240875,0.09218628052370402,0.029359136391100688,0.01887004269071721,0.029359136391100688,0.01887004269071721
oracle_fixed_per_seed,4,clayton,0.4,0.7033898305084746,13.364406779661017,0.47829999999999995,0.07331623783298681,0.10132035432281125,0.09366569328237392,0.02800411648982444,0.020349455449387113,0.02800411648982444,0.020349455449387113
oracle_fixed_per_seed,4,clayton,0.5,0.7033898305084746,13.364406779661017,0.473,0.07331623783298681,0.09552712110184397,0.08782204195026688,0.02221088326885716,0.014505804117280072,0.02221088326885716,0.014505804117280072
oracle_fixed_per_seed,4,clayton,0.6,0.7033898305084746,13.364406779661017,0.4767,0.07331623783298681,0.1076405295095973,0.09209928255056594,0.03432429167661048,0.018783044717579134,0.03432429167661048,0.018783044717579134
oracle_fixed_per_seed,4,clayton,0.7,0.7033898305084746,13.364406779661017,0.46919999999999995,0.07331623783298681,0.09618712140678452,0.08777022203829994,0.022870883573797712,0.01445398420531313,0.022870883573797712,0.01445398420531313
oracle_fixed_per_seed,4,clayton,0.8,0.6779661016949152,12.88135593220339,0.5244,0.07331623783298681,0.10208453256013197,0.08945525385606119,0.028768294727145163,0.016139016023074382,0.028768294727145163,0.016139016023074382
oracle_fixed_per_seed,4,frank,0.0,0.7033898305084746,13.364406779661017,0.47940000000000005,0.07331623783298681,0.09309988226987724,0.09890700264949168,0.01978364443689043,0.025590764816504866,0.01978364443689043,0.025590764816504866
oracle_fixed_per_seed,4,frank,0.1,0.6779661016949152,12.88135593220339,0.519,0.07331623783298681,0.09597238876171876,0.09837334277140225,0.022656150928731952,0.02505710493841544,0.022656150928731952,0.02505710493841544
oracle_fixed_per_seed,4,frank,0.2,0.6779661016949152,12.88135593220339,0.5178,0.07331623783298681,0.09929557719319708,0.09889893942187984,0.02597933936021027,0.02558270158889303,0.02597933936021027,0.02558270158889303
oracle_fixed_per_seed,4,frank,0.3,0.6779661016949152,12.88135593220339,0.5223,0.07331623783298681,0.09629254946302462,0.09847302413552143,0.022976311630037813,0.025156786302534623,0.022976311630037813,0.025156786302534623
oracle_fixed_per_seed,4,frank,0.4,0.6779661016949152,12.88135593220339,0.5126999999999999,0.07331623783298681,0.10172805266456375,0.09632118473976063,0.02841181483157694,0.02300494690677382,0.02841181483157694,0.02300494690677382
oracle_fixed_per_seed,4,frank,0.5,0.6779661016949152,12.88135593220339,0.52,0.07331623783298681,0.10018339540507622,0.09414212955444515,0.026867157572089406,0.020825891721458337,0.026867157572089406,0.020825891721458337
oracle_fixed_per_seed,4,frank,0.6,0.6779661016949152,12.88135593220339,0.5211,0.07331623783298681,0.10836630106944431,0.09253785196872404,0.0350500632364575,0.019221614135737225,0.0350500632364575,0.019221614135737225
oracle_fixed_per_seed,4,frank,0.7,0.6779661016949152,12.88135593220339,0.5172,0.07331623783298681,0.10906586877625785,0.09004318217877852,0.035749630943271035,0.01672694434579171,0.035749630943271035,0.01672694434579171
oracle_fixed_per_seed,4,frank,0.8,0.6779661016949152,12.88135593220339,0.5155000000000001,0.07331623783298681,0.09721053029711914,0.09588827785730877,0.023894292464132327,0.022572040024321963,0.023894292464132327,0.022572040024321963
oracle_fixed_per_seed,5,clayton,0.0,0.728813559322034,13.847457627118645,0.48919999999999997,0.0681183817027314,0.10398034952013013,0.09929144993595752,0.03586196781739873,0.031173068233226117,0.03586196781739873,0.031173068233226117
oracle_fixed_per_seed,5,clayton,0.1,0.728813559322034,13.847457627118645,0.48929999999999996,0.0681183817027314,0.0912906515921549,0.0925939260195098,0.02317226988942349,0.024475544316778397,0.02317226988942349,0.024475544316778397
oracle_fixed_per_seed,5,clayton,0.2,0.728813559322034,13.847457627118645,0.4808,0.0681183817027314,0.1023030002159789,0.09378383022240491,0.0341846185132475,0.025665448519673506,0.0341846185132475,0.025665448519673506
oracle_fixed_per_seed,5,clayton,0.3,0.728813559322034,13.847457627118645,0.48440000000000005,0.0681183817027314,0.10473440513279259,0.0893230692609509,0.03661602343006118,0.021204687558219498,0.03661602343006118,0.021204687558219498
oracle_fixed_per_seed,5,clayton,0.4,0.728813559322034,13.847457627118645,0.48819999999999997,0.0681183817027314,0.11098894729759819,0.08776219404310716,0.04287056559486678,0.019643812340375752,0.04287056559486678,0.019643812340375752
oracle_fixed_per_seed,5,clayton,0.5,0.728813559322034,13.847457627118645,0.4901,0.0681183817027314,0.1090439705580051,0.08615475149101796,0.0409255888552737,0.018036369788286558,0.0409255888552737,0.018036369788286558
oracle_fixed_per_seed,5,clayton,0.6,0.728813559322034,13.847457627118645,0.4819,0.0681183817027314,0.11002370948132106,0.08616677397099469,0.04190532777858966,0.018048392268263283,0.04190532777858966,0.018048392268263283
oracle_fixed_per_seed,5,clayton,0.7,0.728813559322034,13.847457627118645,0.48919999999999997,0.0681183817027314,0.11258608332001949,0.08594855498400633,0.04446770161728808,0.017830173281274925,0.04446770161728808,0.017830173281274925
oracle_fixed_per_seed,5,clayton,0.8,0.728813559322034,13.847457627118645,0.47430000000000005,0.0681183817027314,0.1083950177784226,0.08456079970184578,0.040276636075691194,0.016442417999114375,0.040276636075691194,0.016442417999114375
oracle_fixed_per_seed,5,frank,0.0,0.7033898305084746,13.364406779661017,0.516,0.0681183817027314,0.09464975730110398,0.09661313895603918,0.02653137559837257,0.028494757253307773,0.02653137559837257,0.028494757253307773
oracle_fixed_per_seed,5,frank,0.1,0.728813559322034,13.847457627118645,0.4828,0.0681183817027314,0.09675325299609916,0.09769307333371248,0.028634871293367753,0.029574691630981073,0.028634871293367753,0.029574691630981073
oracle_fixed_per_seed,5,frank,0.2,0.728813559322034,13.847457627118645,0.4908,0.0681183817027314,0.0924280190558156,0.09250233987467052,0.024309637353084196,0.024383958171939113,0.024309637353084196,0.024383958171939113
oracle_fixed_per_seed,5,frank,0.3,0.728813559322034,13.847457627118645,0.48160000000000003,0.0681183817027314,0.0991337674881004,0.09176165165475399,0.031015385785369,0.02364326995202258,0.031015385785369,0.02364326995202258
oracle_fixed_per_seed,5,frank,0.4,0.728813559322034,13.847457627118645,0.48319999999999996,0.0681183817027314,0.10140897725474105,0.09254612012221271,0.03329059555200964,0.0244277384194813,0.03329059555200964,0.0244277384194813
oracle_fixed_per_seed,5,frank,0.5,0.728813559322034,13.847457627118645,0.47840000000000005,0.0681183817027314,0.10409513640222612,0.09394373645899669,0.03597675469949471,0.02582535475626528,0.03597675469949471,0.02582535475626528
oracle_fixed_per_seed,5,frank,0.6,0.7033898305084746,13.364406779661017,0.5246999999999999,0.0681183817027314,0.10467774049590782,0.09398442770162586,0.036559358793176414,0.025866045998894457,0.036559358793176414,0.025866045998894457
oracle_fixed_per_seed,5,frank,0.7,0.728813559322034,13.847457627118645,0.4726,0.0681183817027314,0.0967744375900047,0.0881536438900918,0.028656055887273296,0.02003526218736039,0.028656055887273296,0.02003526218736039
oracle_fixed_per_seed,5,frank,0.8,0.7033898305084746,13.364406779661017,0.5216000000000001,0.0681183817027314,0.10444826024199667,0.0928237091625891,0.03632987853926527,0.024705327459857693,0.03632987853926527,0.024705327459857693
oracle_fixed_per_seed,6,clayton,0.0,1.1101694915254239,21.093220338983052,0.5021,0.06505193415686307,0.08512758218521008,0.09457501851828197,0.020075648028347007,0.0295230843614189,0.020075648028347007,0.0295230843614189
oracle_fixed_per_seed,6,clayton,0.1,1.1101694915254239,21.093220338983052,0.5028,0.06505193415686307,0.10536592926682176,0.09334155467702321,0.040313995109958686,0.02828962052016014,0.040313995109958686,0.02828962052016014
oracle_fixed_per_seed,6,clayton,0.2,1.1101694915254239,21.093220338983052,0.5085,0.06505193415686307,0.10810540194950959,0.09482543257661341,0.043053467792646516,0.02977349841975034,0.043053467792646516,0.02977349841975034
oracle_fixed_per_seed,6,clayton,0.3,1.1101694915254239,21.093220338983052,0.5085,0.06505193415686307,0.11472525701996357,0.08716149984271905,0.0496733228631005,0.02210956568585598,0.0496733228631005,0.02210956568585598
oracle_fixed_per_seed,6,clayton,0.4,1.1101694915254239,21.093220338983052,0.5026999999999999,0.06505193415686307,0.17005082190167448,0.08709783141673978,0.1049988877448114,0.022045897259876712,0.1049988877448114,0.022045897259876712
oracle_fixed_per_seed,6,clayton,0.5,1.1101694915254239,21.093220338983052,0.5084,0.06505193415686307,0.1137852273255967,0.0857673923731972,0.048733293168733635,0.020715458216334123,0.048733293168733635,0.020715458216334123
oracle_fixed_per_seed,6,clayton,0.6,1.1101694915254239,21.093220338983052,0.5087999999999999,0.06505193415686307,0.12605614542291813,0.08646464584352131,0.061004211266055056,0.021412711686658245,0.061004211266055056,0.021412711686658245
oracle_fixed_per_seed,6,clayton,0.7,1.1101694915254239,21.093220338983052,0.5045,0.06505193415686307,0.10977396892549408,0.08487811633126673,0.044722034768631014,0.019826182174403656,0.044722034768631014,0.019826182174403656
oracle_fixed_per_seed,6,clayton,0.8,1.1101694915254239,21.093220338983052,0.4968,0.06505193415686307,0.11147405398356636,0.08348625270149701,0.04642211982670329,0.01843431854463394,0.04642211982670329,0.01843431854463394
oracle_fixed_per_seed,6,frank,0.0,1.1101694915254239,21.093220338983052,0.494,0.06505193415686307,0.08860131927888122,0.09536569951279851,0.02354938512201815,0.03031376535593544,0.02354938512201815,0.03031376535593544
oracle_fixed_per_seed,6,frank,0.1,1.1101694915254239,21.093220338983052,0.5001,0.06505193415686307,0.09322793607348823,0.08669805498058686,0.028176001916625157,0.02164612082372379,0.028176001916625157,0.02164612082372379
oracle_fixed_per_seed,6,frank,0.2,1.1101694915254239,21.093220338983052,0.49350000000000005,0.06505193415686307,0.09851176716613103,0.09794692777882698,0.033459833009267956,0.03289499362196391,0.033459833009267956,0.03289499362196391
oracle_fixed_per_seed,6,frank,0.3,1.1101694915254239,21.093220338983052,0.4948,0.06505193415686307,0.08851637791736836,0.09011225160872272,0.023464443760505285,0.025060317451859646,0.023464443760505285,0.025060317451859646
oracle_fixed_per_seed,6,frank,0.4,1.1101694915254239,21.093220338983052,0.49750000000000005,0.06505193415686307,0.11469858393455633,0.09807890996190242,0.04964664977769326,0.033026975805039355,0.04964664977769326,0.033026975805039355
oracle_fixed_per_seed,6,frank,0.5,1.1101694915254239,21.093220338983052,0.5004,0.06505193415686307,0.09936560439563767,0.09612504599870796,0.0343136702387746,0.031073111841844886,0.0343136702387746,0.031073111841844886
oracle_fixed_per_seed,6,frank,0.6,1.1101694915254239,21.093220338983052,0.49019999999999997,0.06505193415686307,0.11607508760278502,0.09502895195939953,0.051023153445921954,0.029977017802536463,0.051023153445921954,0.029977017802536463
oracle_fixed_per_seed,6,frank,0.7,1.1101694915254239,21.093220338983052,0.49219999999999997,0.06505193415686307,0.10792119905053958,0.09567596985149454,0.04286926489367651,0.03062403569463147,0.04286926489367651,0.03062403569463147
oracle_fixed_per_seed,6,frank,0.8,1.1101694915254239,21.093220338983052,0.48519999999999996,0.06505193415686307,0.1263353298878929,0.08583039370734526,0.061283395731029824,0.020778459550482187,0.061283395731029824,0.020778459550482187
oracle_fixed_per_seed,7,clayton,0.0,0.7542372881355932,14.330508474576272,0.49119999999999997,0.06914885733811245,0.08881561304440636,0.09840475432879549,0.019666755706293906,0.02925589699068304,0.019666755706293906,0.02925589699068304
oracle_fixed_per_seed,7,clayton,0.1,0.7542372881355932,14.330508474576272,0.48229999999999995,0.06914885733811245,0.09867930863323839,0.09837993458476287,0.029530451295125937,0.029231077246650417,0.029530451295125937,0.029231077246650417
oracle_fixed_per_seed,7,clayton,0.2,0.7542372881355932,14.330508474576272,0.4901,0.06914885733811245,0.10648598865374621,0.09908536538052364,0.037337131315633765,0.029936508042411186,0.037337131315633765,0.029936508042411186
oracle_fixed_per_seed,7,clayton,0.3,0.7542372881355932,14.330508474576272,0.48750000000000004,0.06914885733811245,0.1071786319891013,0.09975085435835873,0.03802977465098885,0.030601997020246283,0.03802977465098885,0.030601997020246283
oracle_fixed_per_seed,7,clayton,0.4,0.7542372881355932,14.330508474576272,0.4859,0.06914885733811245,0.11592049110382094,0.09811615764037468,0.04677163376570849,0.02896730030226223,0.04677163376570849,0.02896730030226223
oracle_fixed_per_seed,7,clayton,0.5,0.7542372881355932,14.330508474576272,0.48519999999999996,0.06914885733811245,0.11614128735111252,0.09953564492150345,0.046992430013000075,0.030386787583391,0.046992430013000075,0.030386787583391
oracle_fixed_per_seed,7,clayton,0.6,0.7542372881355932,14.330508474576272,0.47809999999999997,0.06914885733811245,0.11400518976824879,0.09695676810195361,0.04485633243013634,0.027807910763841162,0.04485633243013634,0.027807910763841162
oracle_fixed_per_seed,7,clayton,0.7,0.7542372881355932,14.330508474576272,0.47809999999999997,0.06914885733811245,0.11470604986272659,0.0966241580549315,0.04555719252461414,0.027475300716819057,0.04555719252461414,0.027475300716819057
oracle_fixed_per_seed,7,clayton,0.8,0.7542372881355932,14.330508474576272,0.47240000000000004,0.06914885733811245,0.11565610492669222,0.09490049159167167,0.04650724758857977,0.025751634253559225,0.04650724758857977,0.025751634253559225
oracle_fixed_per_seed,7,frank,0.0,0.7542372881355932,14.330508474576272,0.4868,0.06914885733811245,0.09594605439758348,0.10277345224708558,0.026797197059471034,0.03362459490897313,0.026797197059471034,0.03362459490897313
oracle_fixed_per_seed,7,frank,0.1,0.728813559322034,13.847457627118645,0.5165,0.06914885733811245,0.10315069544011667,0.1027460706830363,0.03400183810200422,0.033597213344923854,0.03400183810200422,0.033597213344923854
oracle_fixed_per_seed,7,frank,0.2,0.7542372881355932,14.330508474576272,0.4797,0.06914885733811245,0.09976454965088165,0.09799005627310915,0.0306156923127692,0.028841198934996704,0.0306156923127692,0.028841198934996704
oracle_fixed_per_seed,7,frank,0.3,0.728813559322034,13.847457627118645,0.5212,0.06914885733811245,0.09578930857578846,0.10104112149768708,0.026640451237676013,0.031892264159574635,0.026640451237676013,0.031892264159574635
oracle_fixed_per_seed,7,frank,0.4,0.7542372881355932,14.330508474576272,0.47809999999999997,0.06914885733811245,0.11115138058222727,0.101705275543358,0.042002523244114826,0.032556418205245546,0.042002523244114826,0.032556418205245546
oracle_fixed_per_seed,7,frank,0.5,0.728813559322034,13.847457627118645,0.5263,0.06914885733811245,0.09927907264309871,0.09701831108399289,0.03013021530498626,0.027869453745880443,0.03013021530498626,0.027869453745880443
oracle_fixed_per_seed,7,frank,0.6,0.728813559322034,13.847457627118645,0.5282,0.06914885733811245,0.1097723902691519,0.10071480326875774,0.04062353293103946,0.031565945930645295,0.04062353293103946,0.031565945930645295
oracle_fixed_per_seed,7,frank,0.7,0.728813559322034,13.847457627118645,0.5288999999999999,0.06914885733811245,0.10556781601913755,0.0983388448127649,0.0364189586810251,0.029189987474652457,0.0364189586810251,0.029189987474652457
oracle_fixed_per_seed,7,frank,0.8,0.728813559322034,13.847457627118645,0.5195000000000001,0.06914885733811245,0.1124556460553269,0.10119709041190035,0.04330678871721445,0.0320482330737879,0.04330678871721445,0.0320482330737879
oracle_fixed_per_seed,8,clayton,0.0,1.1864406779661016,22.54237288135593,0.5029,0.07646033969466498,0.09928683720289912,0.0976961523069598,0.022826497508234136,0.02123581261229482,0.022826497508234136,0.02123581261229482
oracle_fixed_per_seed,8,clayton,0.1,1.1864406779661016,22.54237288135593,0.5048,0.07646033969466498,0.10054113923777629,0.09834612535671038,0.024080799543111306,0.021885785662045396,0.024080799543111306,0.021885785662045396
oracle_fixed_per_seed,8,clayton,0.2,1.1864406779661016,22.54237288135593,0.5079,0.07646033969466498,0.10745089757566799,0.09447229467562206,0.03099055788100301,0.018011954980957076,0.03099055788100301,0.018011954980957076
oracle_fixed_per_seed,8,clayton,0.3,1.1864406779661016,22.54237288135593,0.5053000000000001,0.07646033969466498,0.10658491038459646,0.08954429185164482,0.030124570689931476,0.013083952156979842,0.030124570689931476,0.013083952156979842
oracle_fixed_per_seed,8,clayton,0.4,1.1864406779661016,22.54237288135593,0.5078,0.07646033969466498,0.11434230823377758,0.09017186793785739,0.037881968539112604,0.013711528243192411,0.037881968539112604,0.013711528243192411
oracle_fixed_per_seed,8,clayton,0.5,1.1864406779661016,22.54237288135593,0.5076,0.07646033969466498,0.12611700372766171,0.09009087509087484,0.049656664032996733,0.013630535396209856,0.049656664032996733,0.013630535396209856
oracle_fixed_per_seed,8,clayton,0.6,1.1864406779661016,22.54237288135593,0.502,0.07646033969466498,0.13962634493010959,0.08919014496158137,0.0631660052354446,0.012729805266916389,0.0631660052354446,0.012729805266916389
oracle_fixed_per_seed,8,clayton,0.7,1.1864406779661016,22.54237288135593,0.49560000000000004,0.07646033969466498,0.12645080532980887,0.08831816247945626,0.049990465635143894,0.011857822784791278,0.049990465635143894,0.011857822784791278
oracle_fixed_per_seed,8,clayton,0.8,1.1864406779661016,22.54237288135593,0.49039999999999995,0.07646033969466498,0.13165905965588665,0.08619617852366532,0.055198719961221665,0.009735838829000337,0.055198719961221665,0.009735838829000337
oracle_fixed_per_seed,8,frank,0.0,1.1864406779661016,22.54237288135593,0.4992,0.07646033969466498,0.09301906755513938,0.09679513473133325,0.016558727860474395,0.02033479503666827,0.016558727860474395,0.02033479503666827
oracle_fixed_per_seed,8,frank,0.1,1.1864406779661016,22.54237288135593,0.4991,0.07646033969466498,0.10223635984424213,0.0997027488012864,0.025776020149577153,0.023242409106621426,0.025776020149577153,0.023242409106621426
oracle_fixed_per_seed,8,frank,0.2,1.1864406779661016,22.54237288135593,0.4927,0.07646033969466498,0.09545232658573707,0.0978243055891107,0.018991986891072093,0.021363965894445724,0.018991986891072093,0.021363965894445724
oracle_fixed_per_seed,8,frank,0.3,1.1864406779661016,22.54237288135593,0.49439999999999995,0.07646033969466498,0.09135581255847755,0.095941895424423,0.01489547286381257,0.019481555729758016,0.01489547286381257,0.019481555729758016
oracle_fixed_per_seed,8,frank,0.4,1.1864406779661016,22.54237288135593,0.4998,0.07646033969466498,0.09864035996764899,0.09869691490667894,0.022180020272984005,0.022236575212013956,0.022180020272984005,0.022236575212013956
oracle_fixed_per_seed,8,frank,0.5,1.1864406779661016,22.54237288135593,0.499,0.07646033969466498,0.10619360949237698,0.10136309685933113,0.029733269797712,0.024902757164666153,0.029733269797712,0.024902757164666153
oracle_fixed_per_seed,8,frank,0.6,1.1864406779661016,22.54237288135593,0.48260000000000003,0.07646033969466498,0.10622396338182959,0.09287562324981807,0.029763623687164606,0.016415283555153093,0.029763623687164606,0.016415283555153093
oracle_fixed_per_seed,8,frank,0.7,1.1864406779661016,22.54237288135593,0.491,0.07646033969466498,0.1037714381737976,0.09393857795066178,0.027311098479132614,0.0174782382559968,0.027311098479132614,0.0174782382559968
oracle_fixed_per_seed,8,frank,0.8,1.1610169491525424,22.059322033898304,0.5171,0.07646033969466498,0.10410751092616169,0.09492063263083779,0.02764717123149671,0.01846029293617281,0.02764717123149671,0.01846029293617281
oracle_fixed_per_seed,9,clayton,0.0,1.1355932203389831,21.576271186440678,0.49319999999999997,0.07281660549451871,0.09559018197919515,0.09533089747756616,0.02277357648467644,0.022514291983047455,0.02277357648467644,0.022514291983047455
oracle_fixed_per_seed,9,clayton,0.1,1.1355932203389831,21.576271186440678,0.495,0.07281660549451871,0.09139753851747419,0.08962028276053717,0.01858093302295548,0.01680367726601846,0.01858093302295548,0.01680367726601846
oracle_fixed_per_seed,9,clayton,0.2,1.1355932203389831,21.576271186440678,0.49329999999999996,0.07281660549451871,0.10072783735760941,0.08707661016894028,0.027911231863090705,0.014260004674421567,0.027911231863090705,0.014260004674421567
oracle_fixed_per_seed,9,clayton,0.3,1.1355932203389831,21.576271186440678,0.49670000000000003,0.07281660549451871,0.11492916719104694,0.0824511809654277,0.04211256169652823,0.009634575470908985,0.04211256169652823,0.009634575470908985
oracle_fixed_per_seed,9,clayton,0.4,1.1355932203389831,21.576271186440678,0.5004,0.07281660549451871,0.11968731292828164,0.08765452200588121,0.046870707433762926,0.0148379165113625,0.046870707433762926,0.0148379165113625
oracle_fixed_per_seed,9,clayton,0.5,1.1355932203389831,21.576271186440678,0.5033000000000001,0.07281660549451871,0.1227294594414975,0.08715919755177154,0.049912853946978794,0.014342592057252829,0.049912853946978794,0.014342592057252829
oracle_fixed_per_seed,9,clayton,0.6,1.1355932203389831,21.576271186440678,0.5033000000000001,0.07281660549451871,0.11059920360811593,0.08536772271486977,0.037782598113597216,0.012551117220351057,0.037782598113597216,0.012551117220351057
oracle_fixed_per_seed,9,clayton,0.7,1.1355932203389831,21.576271186440678,0.489,0.07281660549451871,0.10982957700114244,0.08377255436077209,0.037012971506623735,0.010955948866253382,0.037012971506623735,0.010955948866253382
oracle_fixed_per_seed,9,clayton,0.8,1.1355932203389831,21.576271186440678,0.4827,0.07281660549451871,0.11224825277353317,0.08306910263446991,0.039431647279014465,0.010252497139951203,0.039431647279014465,0.010252497139951203
oracle_fixed_per_seed,9,frank,0.0,1.1355932203389831,21.576271186440678,0.49129999999999996,0.07281660549451871,0.08792437370884247,0.09450555176368143,0.01510776821432376,0.02168894626916272,0.01510776821432376,0.02168894626916272
oracle_fixed_per_seed,9,frank,0.1,1.1355932203389831,21.576271186440678,0.4887,0.07281660549451871,0.09962778683152587,0.09999162577811144,0.02681118133700716,0.027175020283592727,0.02681118133700716,0.027175020283592727
oracle_fixed_per_seed,9,frank,0.2,1.1355932203389831,21.576271186440678,0.49450000000000005,0.07281660549451871,0.09706821090833223,0.09766256314732254,0.02425160541381352,0.024845957652803827,0.02425160541381352,0.024845957652803827
oracle_fixed_per_seed,9,frank,0.3,1.1355932203389831,21.576271186440678,0.49429999999999996,0.07281660549451871,0.09472056959655745,0.0947781107461873,0.021903964102038737,0.021961505251668595,0.021903964102038737,0.021961505251668595
oracle_fixed_per_seed,9,frank,0.4,1.1101694915254239,21.093220338983052,0.5154000000000001,0.07281660549451871,0.10339460658241718,0.09979855548137895,0.030578001087898474,0.026981949986860237,0.030578001087898474,0.026981949986860237
oracle_fixed_per_seed,9,frank,0.5,1.1355932203389831,21.576271186440678,0.48650000000000004,0.07281660549451871,0.10056506950219132,0.09379061406878836,0.027748464007672613,0.020974008574269648,0.027748464007672613,0.020974008574269648
oracle_fixed_per_seed,9,frank,0.6,1.1101694915254239,21.093220338983052,0.5166,0.07281660549451871,0.10347942403198365,0.09631614505743262,0.030662818537464942,0.02349953956291391,0.030662818537464942,0.02349953956291391
oracle_fixed_per_seed,9,frank,0.7,1.1101694915254239,21.093220338983052,0.5193,0.07281660549451871,0.10393933112827494,0.09506266740286606,0.031122725633756232,0.022246061908347353,0.031122725633756232,0.022246061908347353
oracle_fixed_per_seed,9,frank,0.8,1.1101694915254239,21.093220338983052,0.5204,0.07281660549451871,0.10862839898952854,0.09724131582269054,0.03581179349500983,0.024424710328171825,0.03581179349500983,0.024424710328171825
