prediction_model,seed,copula_name,k_tau,alpha_c_mult,alpha_c_used,censoring_rate,ibs_true,ibs_ipcw,ibs_dep_bguw,ibs_dep_cgq,bias_ipcw,bias_dep_bguw,bias_dep_cgq,err_ipcw,err_dep_bguw,err_dep_cgq,delta_err_cgq_minus_bguw
oracle_fixed_per_seed,0,clayton,0.0,0.9830508474576272,18.677966101694917,0.5034000000000001,0.07015034619301057,0.09410376063156137,0.1014972225524003,0.11060983515244738,0.0239534144385508,0.031346876359389736,0.04045948895943681,0.0239534144385508,0.031346876359389736,0.04045948895943681,0.009112612600047074
oracle_fixed_per_seed,0,clayton,0.1,0.9830508474576272,18.677966101694917,0.5065999999999999,0.07015034619301057,0.10335672543155554,0.09646246986671365,0.10093279149625324,0.03320637923854497,0.026312123673703086,0.030782445303242673,0.03320637923854497,0.026312123673703086,0.030782445303242673,0.0044703216295395864
oracle_fixed_per_seed,0,clayton,0.2,0.9830508474576272,18.677966101694917,0.5,0.07015034619301057,0.10351692585851888,0.09022391769040967,0.09445035142398871,0.03336657966550831,0.020073571497399106,0.02430000523097814,0.03336657966550831,0.020073571497399106,0.02430000523097814,0.0042264337335790325
oracle_fixed_per_seed,0,clayton,0.3,0.9830508474576272,18.677966101694917,0.5062,0.07015034619301057,0.15323094950506805,0.09083140620713849,0.09325313372529383,0.08308060331205748,0.020681060014127922,0.02310278753228326,0.08308060331205748,0.020681060014127922,0.02310278753228326,0.0024217275181553366
oracle_fixed_per_seed,0,clayton,0.4,0.9830508474576272,18.677966101694917,0.514,0.07015034619301057,0.1264365134005686,0.0944582613957988,0.09447956301179433,0.05628616720755804,0.02430791520278823,0.024329216818783764,0.05628616720755804,0.02430791520278823,0.024329216818783764,2.1301615995533707e-05
oracle_fixed_per_seed,0,clayton,0.5,0.9830508474576272,18.677966101694917,0.5145,0.07015034619301057,0.13677625607764132,0.0915257499111246,0.0915519987920428,0.06662590988463075,0.021375403718114028,0.021401652599032234,0.06662590988463075,0.021375403718114028,0.021401652599032234,2.6248880918205986e-05
oracle_fixed_per_seed,0,clayton,0.6,0.9830508474576272,18.677966101694917,0.5166999999999999,0.07015034619301057,0.12810727923606083,0.09179127089564804,0.09140751563053694,0.05795693304305026,0.021640924702637468,0.02125716943752637,0.05795693304305026,0.021640924702637468,0.02125716943752637,-0.00038375526511109925
oracle_fixed_per_seed,0,clayton,0.7,0.9830508474576272,18.677966101694917,0.5105999999999999,0.07015034619301057,0.1452221216183469,0.08695841679806156,0.0866882867915173,0.07507177542533634,0.01680807060505099,0.01653794059850673,0.07507177542533634,0.01680807060505099,0.01653794059850673,-0.00027013000654425856
oracle_fixed_per_seed,0,clayton,0.8,0.9830508474576272,18.677966101694917,0.5133,0.07015034619301057,0.12635999281631177,0.08541573407820546,0.08583012931450129,0.056209646623301204,0.015265387885194895,0.015679783121490723,0.056209646623301204,0.015265387885194895,0.015679783121490723,0.0004143952362958281
oracle_fixed_per_seed,0,frank,0.0,0.9830508474576272,18.677966101694917,0.49950000000000006,0.07015034619301057,0.09835927919571111,0.10202491240973219,0.11030316098268503,0.02820893300270054,0.03187456621672162,0.04015281478967446,0.02820893300270054,0.03187456621672162,0.04015281478967446,0.00827824857295284
oracle_fixed_per_seed,0,frank,0.1,0.9830508474576272,18.677966101694917,0.5067999999999999,0.07015034619301057,0.10275233451221448,0.09802650327283514,0.10417308337618171,0.03260198831920391,0.027876157079824576,0.03402273718317114,0.03260198831920391,0.027876157079824576,0.03402273718317114,0.006146580103346566
oracle_fixed_per_seed,0,frank,0.2,0.9830508474576272,18.677966101694917,0.49760000000000004,0.07015034619301057,0.10361439058583087,0.10165333706223101,0.10611551022551721,0.0334640443928203,0.03150299086922044,0.035965164032506644,0.0334640443928203,0.03150299086922044,0.035965164032506644,0.004462173163286204
oracle_fixed_per_seed,0,frank,0.3,0.9830508474576272,18.677966101694917,0.49850000000000005,0.07015034619301057,0.10574384301641203,0.09657056516121816,0.10321006807414396,0.03559349682340146,0.026420218968207593,0.03305972188113339,0.03559349682340146,0.026420218968207593,0.03305972188113339,0.006639502912925796
oracle_fixed_per_seed,0,frank,0.4,0.9830508474576272,18.677966101694917,0.4929,0.07015034619301057,0.10669275926193819,0.09373775662285644,0.101555704501128,0.03654241306892762,0.02358741042984587,0.03140535830811743,0.03654241306892762,0.02358741042984587,0.03140535830811743,0.007817947878271558
oracle_fixed_per_seed,0,frank,0.5,0.9830508474576272,18.677966101694917,0.49529999999999996,0.07015034619301057,0.11045591580328293,0.09625572899889447,0.10369708204655918,0.04030556961027236,0.026105382805883898,0.033546735853548615,0.04030556961027236,0.026105382805883898,0.033546735853548615,0.007441353047664717
oracle_fixed_per_seed,0,frank,0.6,0.9830508474576272,18.677966101694917,0.4861,0.07015034619301057,0.11032063689932783,0.09851908588848664,0.10400778590193127,0.040170290706317266,0.02836873969547607,0.0338574397089207,0.040170290706317266,0.02836873969547607,0.0338574397089207,0.005488700013444633
oracle_fixed_per_seed,0,frank,0.7,0.9830508474576272,18.677966101694917,0.4857,0.07015034619301057,0.10607805241176071,0.09486079652779728,0.0997787925722176,0.03592770621875015,0.024710450334786707,0.02962844637920703,0.03592770621875015,0.024710450334786707,0.02962844637920703,0.0049179960444203225
oracle_fixed_per_seed,0,frank,0.8,0.9830508474576272,18.677966101694917,0.4806,0.07015034619301057,0.11295727143376826,0.08981491295242379,0.09454350717581594,0.04280692524075769,0.01966456675941322,0.024393160982805376,0.04280692524075769,0.01966456675941322,0.024393160982805376,0.004728594223392155
oracle_fixed_per_seed,1,clayton,0.0,1.1355932203389831,21.576271186440678,0.5011,0.07923602526946576,0.09689128218000573,0.10109903116105932,0.10561036417619953,0.01765525691053997,0.021863005891593568,0.02637433890673377,0.01765525691053997,0.021863005891593568,0.02637433890673377,0.004511333015140201
oracle_fixed_per_seed,1,clayton,0.1,1.1355932203389831,21.576271186440678,0.5067999999999999,0.07923602526946576,0.10922288422989991,0.09552690897061447,0.10006401769679306,0.029986858960434154,0.016290883701148715,0.020827992427327302,0.029986858960434154,0.016290883701148715,0.020827992427327302,0.0045371087261785875
oracle_fixed_per_seed,1,clayton,0.2,1.1355932203389831,21.576271186440678,0.5123,0.07923602526946576,0.11699099158268947,0.09492474825540904,0.09668161799855883,0.03775496631322371,0.015688722985943288,0.017445592729093073,0.03775496631322371,0.015688722985943288,0.017445592729093073,0.001756869743149786
oracle_fixed_per_seed,1,clayton,0.3,1.1610169491525424,22.059322033898304,0.4867,0.07923602526946576,0.11702334786154411,0.09750790849723823,0.09796394028010333,0.03778732259207836,0.01827188322777247,0.018727915010637572,0.03778732259207836,0.01827188322777247,0.018727915010637572,0.0004560317828651017
oracle_fixed_per_seed,1,clayton,0.4,1.1610169491525424,22.059322033898304,0.4821,0.07923602526946576,0.1299216652171496,0.09223613537681957,0.09202225205595693,0.05068563994768384,0.013000110107353816,0.012786226786491175,0.05068563994768384,0.013000110107353816,0.012786226786491175,-0.00021388332086264006
oracle_fixed_per_seed,1,clayton,0.5,1.1610169491525424,22.059322033898304,0.482,0.07923602526946576,0.11359355706384516,0.09637279736374255,0.09566594649067287,0.034357531794379406,0.01713677209427679,0.01642992122120711,0.034357531794379406,0.01713677209427679,0.01642992122120711,-0.000706850873069681
oracle_fixed_per_seed,1,clayton,0.6,1.1355932203389831,21.576271186440678,0.5183,0.07923602526946576,0.12191433371920148,0.09623244034608344,0.09471886160168135,0.04267830844973572,0.016996415076617685,0.015482836332215588,0.04267830844973572,0.016996415076617685,0.015482836332215588,-0.001513578744402097
oracle_fixed_per_seed,1,clayton,0.7,1.1355932203389831,21.576271186440678,0.516,0.07923602526946576,0.12442396794923707,0.0947667417924286,0.09356132670474543,0.04518794267977132,0.01553071652296284,0.014325301435279672,0.04518794267977132,0.01553071652296284,0.014325301435279672,-0.0012054150876831676
oracle_fixed_per_seed,1,clayton,0.8,1.1355932203389831,21.576271186440678,0.5107999999999999,0.07923602526946576,0.12463947513520332,0.093351983990262,0.09157928120987184,0.045403449865737563,0.01411595872079624,0.012343255940406084,0.045403449865737563,0.01411595872079624,0.012343255940406084,-0.0017727027803901563
oracle_fixed_per_seed,1,frank,0.0,1.1355932203389831,21.576271186440678,0.5051,0.07923602526946576,0.10280660458760185,0.09862718045414,0.1057276001893046,0.023570579318136095,0.01939115518467424,0.026491574919838848,0.023570579318136095,0.01939115518467424,0.026491574919838848,0.0071004197351646064
oracle_fixed_per_seed,1,frank,0.1,1.1355932203389831,21.576271186440678,0.5056,0.07923602526946576,0.10528012672679526,0.09730404675692583,0.10212029692428075,0.026044101457329508,0.018068021487460076,0.02288427165481499,0.026044101457329508,0.018068021487460076,0.02288427165481499,0.004816250167354916
oracle_fixed_per_seed,1,frank,0.2,1.1355932203389831,21.576271186440678,0.505,0.07923602526946576,0.10554104328524465,0.09585145650021747,0.10227095919575398,0.02630501801577889,0.01661543123075171,0.02303493392628822,0.02630501801577889,0.01661543123075171,0.02303493392628822,0.006419502695536511
oracle_fixed_per_seed,1,frank,0.3,1.1355932203389831,21.576271186440678,0.49770000000000003,0.07923602526946576,0.1110268287004157,0.10196166359798452,0.10607481991516902,0.03179080343094995,0.02272563832851876,0.026838794645703268,0.03179080343094995,0.02272563832851876,0.026838794645703268,0.004113156317184508
oracle_fixed_per_seed,1,frank,0.4,1.1355932203389831,21.576271186440678,0.5044,0.07923602526946576,0.10348011282769855,0.09985863586898558,0.1040213355985959,0.02424408755823279,0.020622610599519822,0.024785310329130145,0.02424408755823279,0.020622610599519822,0.024785310329130145,0.004162699729610322
oracle_fixed_per_seed,1,frank,0.5,1.1355932203389831,21.576271186440678,0.5033000000000001,0.07923602526946576,0.10791049948971154,0.09847940297228061,0.10511241635626077,0.028674474220245785,0.019243377702814854,0.025876391086795014,0.028674474220245785,0.019243377702814854,0.025876391086795014,0.00663301338398016
oracle_fixed_per_seed,1,frank,0.6,1.1355932203389831,21.576271186440678,0.4941,0.07923602526946576,0.11057821888248459,0.09822021589310878,0.10316419542162632,0.031342193613018834,0.018984190623643024,0.02392817015216056,0.031342193613018834,0.018984190623643024,0.02392817015216056,0.004943979528517536
oracle_fixed_per_seed,1,frank,0.7,1.1355932203389831,21.576271186440678,0.49670000000000003,0.07923602526946576,0.11490780125297216,0.09675972651465588,0.10324168155132209,0.035671775983506404,0.01752370124519012,0.02400565628185633,0.035671775983506404,0.01752370124519012,0.02400565628185633,0.006481955036666209
oracle_fixed_per_seed,1,frank,0.8,1.1355932203389831,21.576271186440678,0.49639999999999995,0.07923602526946576,0.10894881933871642,0.09524043814193633,0.09834367452956859,0.02971279406925066,0.016004412872470578,0.019107649260102832,0.02971279406925066,0.016004412872470578,0.019107649260102832,0.003103236387632255
oracle_fixed_per_seed,2,clayton,0.0,0.5254237288135594,9.983050847457628,0.513,0.07383382475577097,0.098042602849455,0.10283508691305647,0.11159460637195893,0.024208778093684033,0.029001262157285504,0.03776078161618797,0.024208778093684033,0.029001262157285504,0.03776078161618797,0.008759519458902465
oracle_fixed_per_seed,2,clayton,0.1,0.5254237288135594,9.983050847457628,0.5225,0.07383382475577097,0.11177224154998021,0.09863282223967323,0.10550483772808006,0.03793841679420924,0.02479899748390227,0.03167101297230909,0.03793841679420924,0.02479899748390227,0.03167101297230909,0.006872015488406824
oracle_fixed_per_seed,2,clayton,0.2,0.5254237288135594,9.983050847457628,0.5238,0.07383382475577097,0.11597079037955287,0.09189849917227841,0.10055718838421501,0.0421369656237819,0.018064674416507442,0.026723363628444047,0.0421369656237819,0.018064674416507442,0.026723363628444047,0.008658689211936604
oracle_fixed_per_seed,2,clayton,0.3,0.5254237288135594,9.983050847457628,0.5266,0.07383382475577097,0.13695622497131762,0.08995758950456693,0.09260744631404831,0.06312240021554666,0.01612376474879597,0.018773621558277345,0.06312240021554666,0.01612376474879597,0.018773621558277345,0.002649856809481377
oracle_fixed_per_seed,2,clayton,0.4,0.5254237288135594,9.983050847457628,0.5253,0.07383382475577097,0.15642628531502967,0.08895144643240906,0.0911728237382143,0.0825924605592587,0.01511762167663809,0.01733899898244333,0.0825924605592587,0.01511762167663809,0.01733899898244333,0.002221377305805239
oracle_fixed_per_seed,2,clayton,0.5,0.5254237288135594,9.983050847457628,0.5295000000000001,0.07383382475577097,0.17136633077752972,0.08935136434637925,0.08910410566333049,0.09753250602175875,0.015517539590608281,0.015270280907559525,0.09753250602175875,0.015517539590608281,0.015270280907559525,-0.00024725868304875664
oracle_fixed_per_seed,2,clayton,0.6,0.5254237288135594,9.983050847457628,0.5268999999999999,0.07383382475577097,0.12871877485696548,0.08832491169689488,0.0879419970712208,0.05488495010119451,0.014491086941123915,0.014108172315449835,0.05488495010119451,0.014491086941123915,0.014108172315449835,-0.0003829146256740801
oracle_fixed_per_seed,2,clayton,0.7,0.5254237288135594,9.983050847457628,0.529,0.07383382475577097,0.13564446078242218,0.08647807507117679,0.08639111695189614,0.06181063602665121,0.012644250315405822,0.01255729219612517,0.06181063602665121,0.012644250315405822,0.01255729219612517,-8.695811928065289e-05
oracle_fixed_per_seed,2,clayton,0.8,0.5254237288135594,9.983050847457628,0.5134000000000001,0.07383382475577097,0.13012710936295765,0.08442236424788961,0.08475666962228381,0.05629328460718669,0.010588539492118645,0.010922844866512849,0.05629328460718669,0.010588539492118645,0.010922844866512849,0.00033430537439420316
oracle_fixed_per_seed,2,frank,0.0,0.5254237288135594,9.983050847457628,0.512,0.07383382475577097,0.09745150745524486,0.10054498474881328,0.10671728853056904,0.023617682699473896,0.026711159993042313,0.032883463774798075,0.023617682699473896,0.026711159993042313,0.032883463774798075,0.006172303781755761
oracle_fixed_per_seed,2,frank,0.1,0.5254237288135594,9.983050847457628,0.509,0.07383382475577097,0.09838401201431733,0.09909348429659835,0.10670812503272786,0.024550187258546366,0.025259659540827387,0.0328743002769569,0.024550187258546366,0.025259659540827387,0.0328743002769569,0.00761464073612951
oracle_fixed_per_seed,2,frank,0.2,0.5254237288135594,9.983050847457628,0.5102,0.07383382475577097,0.10417017382540991,0.10007880454322858,0.10968146168527686,0.030336349069638946,0.026244979787457615,0.03584763692950589,0.030336349069638946,0.026244979787457615,0.03584763692950589,0.009602657142048276
oracle_fixed_per_seed,2,frank,0.3,0.5254237288135594,9.983050847457628,0.5126,0.07383382475577097,0.1021688013313175,0.10131600714938699,0.10764822913463655,0.02833497657554654,0.027482182393616023,0.033814404378865584,0.02833497657554654,0.027482182393616023,0.033814404378865584,0.0063322219852495615
oracle_fixed_per_seed,2,frank,0.4,0.5254237288135594,9.983050847457628,0.5166,0.07383382475577097,0.09780663053478929,0.10152429104764724,0.11006375660018447,0.023972805779018322,0.02769046629187627,0.036229931844413504,0.023972805779018322,0.02769046629187627,0.036229931844413504,0.008539465552537234
oracle_fixed_per_seed,2,frank,0.5,0.5254237288135594,9.983050847457628,0.512,0.07383382475577097,0.11074434586639871,0.10158748795680904,0.1063406611113185,0.036910521110627745,0.027753663201038073,0.03250683635554753,0.036910521110627745,0.027753663201038073,0.03250683635554753,0.00475317315450946
oracle_fixed_per_seed,2,frank,0.6,0.5254237288135594,9.983050847457628,0.5123,0.07383382475577097,0.12173907075758106,0.09730686002980336,0.10543241441576555,0.04790524600181009,0.023473035274032397,0.03159858965999458,0.04790524600181009,0.023473035274032397,0.03159858965999458,0.008125554385962186
oracle_fixed_per_seed,2,frank,0.7,0.5254237288135594,9.983050847457628,0.5085,0.07383382475577097,0.12206437658866078,0.09763825200259849,0.1036360981813656,0.04823055183288981,0.02380442724682752,0.029802273425594633,0.04823055183288981,0.02380442724682752,0.029802273425594633,0.005997846178767113
oracle_fixed_per_seed,2,frank,0.8,0.5254237288135594,9.983050847457628,0.5019,0.07383382475577097,0.26093636405011944,0.08911333623395397,0.10488408538627039,0.18710253929434847,0.015279511478183003,0.031050260630499427,0.18710253929434847,0.015279511478183003,0.031050260630499427,0.015770749152316424
oracle_fixed_per_seed,3,clayton,0.0,0.652542372881356,12.398305084745763,0.4818,0.06748319765021946,0.09604943198274675,0.09973473191731336,0.10602390003457658,0.028566234332527293,0.0322515342670939,0.038540702384357126,0.028566234332527293,0.0322515342670939,0.038540702384357126,0.006289168117263225
oracle_fixed_per_seed,3,clayton,0.1,0.652542372881356,12.398305084745763,0.48360000000000003,0.06748319765021946,0.10721797648959899,0.09129196799843668,0.09522325076756381,0.039734778839379536,0.023808770348217226,0.027740053117344357,0.039734778839379536,0.023808770348217226,0.027740053117344357,0.003931282769127131
oracle_fixed_per_seed,3,clayton,0.2,0.652542372881356,12.398305084745763,0.48650000000000004,0.06748319765021946,0.09730956884280811,0.09062094175455129,0.09214133749883188,0.029826371192588658,0.023137744104331837,0.024658139848612426,0.029826371192588658,0.023137744104331837,0.024658139848612426,0.0015203957442805893
oracle_fixed_per_seed,3,clayton,0.3,0.652542372881356,12.398305084745763,0.48429999999999995,0.06748319765021946,0.09473681961502711,0.0895491461492115,0.0909298887679691,0.027253621964807656,0.022065948498992044,0.02344669111774965,0.027253621964807656,0.022065948498992044,0.02344669111774965,0.001380742618757605
oracle_fixed_per_seed,3,clayton,0.4,0.652542372881356,12.398305084745763,0.481,0.06748319765021946,0.10680768977545563,0.08796642912632108,0.08799981976857525,0.03932449212523617,0.02048323147610162,0.020516622118355796,0.03932449212523617,0.02048323147610162,0.020516622118355796,3.339064225417465e-05
oracle_fixed_per_seed,3,clayton,0.5,0.652542372881356,12.398305084745763,0.47940000000000005,0.06748319765021946,0.10340644208229671,0.08816737232948599,0.08886592875711048,0.035923244432077256,0.02068417467926653,0.021382731106891026,0.035923244432077256,0.02068417467926653,0.021382731106891026,0.0006985564276244943
oracle_fixed_per_seed,3,clayton,0.6,0.652542372881356,12.398305084745763,0.4789,0.06748319765021946,0.10494162499792428,0.08678974313215582,0.08654460534683686,0.037458427347704826,0.01930654548193636,0.019061407696617405,0.037458427347704826,0.01930654548193636,0.019061407696617405,-0.00024513778531895514
oracle_fixed_per_seed,3,clayton,0.7,0.652542372881356,12.398305084745763,0.46930000000000005,0.06748319765021946,0.1040890564535589,0.08761121254550921,0.08731314889260484,0.03660585880333944,0.02012801489528976,0.019829951242385388,0.03660585880333944,0.02012801489528976,0.019829951242385388,-0.00029806365290437065
oracle_fixed_per_seed,3,clayton,0.8,0.6271186440677966,11.915254237288135,0.5333,0.06748319765021946,0.10631234020517047,0.08567721594730468,0.08535531919381968,0.03882914255495101,0.018194018297085224,0.017872121543600225,0.03882914255495101,0.018194018297085224,0.017872121543600225,-0.0003218967534849987
oracle_fixed_per_seed,3,frank,0.0,0.652542372881356,12.398305084745763,0.4838,0.06748319765021946,0.0939157509541383,0.09813793643069656,0.1061105620160725,0.026432553303918846,0.0306547387804771,0.03862736436585304,0.026432553303918846,0.0306547387804771,0.03862736436585304,0.00797262558537594
oracle_fixed_per_seed,3,frank,0.1,0.6271186440677966,11.915254237288135,0.5208999999999999,0.06748319765021946,0.09614029578195343,0.10034413614111293,0.10556593533906043,0.028657098131733977,0.03286093849089347,0.038082737688840976,0.028657098131733977,0.03286093849089347,0.038082737688840976,0.005221799197947505
oracle_fixed_per_seed,3,frank,0.2,0.6271186440677966,11.915254237288135,0.517,0.06748319765021946,0.09384974749144877,0.0988701058528867,0.10337182432995422,0.02636654984122931,0.03138690820266725,0.03588862667973476,0.02636654984122931,0.03138690820266725,0.03588862667973476,0.004501718477067512
oracle_fixed_per_seed,3,frank,0.3,0.6271186440677966,11.915254237288135,0.5261,0.06748319765021946,0.09694255236309411,0.09675333432464384,0.10026036076700622,0.029459354712874655,0.02927013667442438,0.03277716311678676,0.029459354712874655,0.02927013667442438,0.03277716311678676,0.0035070264423623793
oracle_fixed_per_seed,3,frank,0.4,0.652542372881356,12.398305084745763,0.47319999999999995,0.06748319765021946,0.10381821014289501,0.09582295959717213,0.10013173824292201,0.03633501249267555,0.028339761946952674,0.03264854059270256,0.03633501249267555,0.028339761946952674,0.03264854059270256,0.004308778645749883
oracle_fixed_per_seed,3,frank,0.5,0.6271186440677966,11.915254237288135,0.5223,0.06748319765021946,0.11252406960265364,0.09727862037471054,0.10135126723797555,0.04504087195243418,0.02979542272449108,0.033868069587756094,0.04504087195243418,0.02979542272449108,0.033868069587756094,0.004072646863265014
oracle_fixed_per_seed,3,frank,0.6,0.6271186440677966,11.915254237288135,0.5251,0.06748319765021946,0.0990550916962074,0.09576125526322445,0.09973374603059151,0.03157189404598794,0.02827805761300499,0.03225054838037206,0.03157189404598794,0.02827805761300499,0.03225054838037206,0.003972490767367068
oracle_fixed_per_seed,3,frank,0.7,0.6271186440677966,11.915254237288135,0.528,0.06748319765021946,0.1048807070043495,0.0930321587990011,0.09985670044982072,0.03739750935413004,0.02554896114878165,0.03237350279960126,0.03739750935413004,0.02554896114878165,0.03237350279960126,0.00682454165081961
oracle_fixed_per_seed,3,frank,0.8,0.6271186440677966,11.915254237288135,0.5194,0.06748319765021946,0.10433791021751421,0.09185551869068583,0.09440241869054018,0.03685471256729475,0.02437232104046637,0.026919221040320726,0.03685471256729475,0.02437232104046637,0.026919221040320726,0.0025468999998543573
oracle_fixed_per_seed,4,clayton,0.0,0.6779661016949152,12.88135593220339,0.5173,0.07331623783298681,0.0889576297836331,0.09278029749556549,0.09735993985523672,0.01564139195064629,0.019464059662578678,0.02404370202224991,0.01564139195064629,0.019464059662578678,0.02404370202224991,0.004579642359671232
oracle_fixed_per_seed,4,clayton,0.1,0.6779661016949152,12.88135593220339,0.5196000000000001,0.07331623783298681,0.10125144973539664,0.09603188380839489,0.10222350844556435,0.02793521190240983,0.02271564597540808,0.028907270612577543,0.02793521190240983,0.02271564597540808,0.028907270612577543,0.006191624637169463
oracle_fixed_per_seed,4,clayton,0.2,0.6779661016949152,12.88135593220339,0.5192,0.07331623783298681,0.09678822225343886,0.0937561494561782,0.09619173959620397,0.02347198442045205,0.020439911623191392,0.022875501763217163,0.02347198442045205,0.020439911623191392,0.022875501763217163,0.00243559014002577
oracle_fixed_per_seed,4,clayton,0.3,0.7033898305084746,13.364406779661017,0.4788,0.07331623783298681,0.0968075550428599,0.09470892299374985,0.09604616070774749,0.02349131720987309,0.021392685160763036,0.02272992287476068,0.02349131720987309,0.021392685160763036,0.02272992287476068,0.0013372377139976438
oracle_fixed_per_seed,4,clayton,0.4,0.6779661016949152,12.88135593220339,0.5222,0.07331623783298681,0.10866201864648473,0.09422794105830593,0.09395036189869488,0.035345780813497915,0.020911703225319114,0.020634124065708068,0.035345780813497915,0.020911703225319114,0.020634124065708068,-0.0002775791596110466
oracle_fixed_per_seed,4,clayton,0.5,0.7033898305084746,13.364406779661017,0.4749,0.07331623783298681,0.10624964117234449,0.09084031306529536,0.0910354838642989,0.03293340333935768,0.017524075232308547,0.017719246031312086,0.03293340333935768,0.017524075232308547,0.017719246031312086,0.0001951707990035384
oracle_fixed_per_seed,4,clayton,0.6,0.7033898305084746,13.364406779661017,0.47130000000000005,0.07331623783298681,0.09742432461509822,0.0879208202861983,0.08776742868390341,0.024108086782111404,0.014604582453211487,0.014451190850916604,0.024108086782111404,0.014604582453211487,0.014451190850916604,-0.00015339160229488336
oracle_fixed_per_seed,4,clayton,0.7,0.6779661016949152,12.88135593220339,0.5331,0.07331623783298681,0.1079971105363679,0.09184850227953799,0.09063359617246854,0.03468087270338109,0.018532264446551178,0.017317358339481725,0.03468087270338109,0.018532264446551178,0.017317358339481725,-0.0012149061070694522
oracle_fixed_per_seed,4,clayton,0.8,0.6779661016949152,12.88135593220339,0.525,0.07331623783298681,0.10373931671666743,0.08929235729009079,0.08925096008442078,0.03042307888368062,0.015976119457103977,0.01593472225143397,0.03042307888368062,0.015976119457103977,0.01593472225143397,-4.1397205670007375e-05
oracle_fixed_per_seed,4,frank,0.0,0.6779661016949152,12.88135593220339,0.5132,0.07331623783298681,0.08851041919004875,0.09761275715984549,0.10445697349191503,0.015194181357061937,0.02429651932685868,0.03114073565892822,0.015194181357061937,0.02429651932685868,0.03114073565892822,0.006844216332069539
oracle_fixed_per_seed,4,frank,0.1,0.7033898305084746,13.364406779661017,0.47829999999999995,0.07331623783298681,0.09153180402047285,0.09236618098180563,0.09874339623369258,0.018215566187486043,0.019049943148818818,0.025427158400705765,0.018215566187486043,0.019049943148818818,0.025427158400705765,0.006377215251886947
oracle_fixed_per_seed,4,frank,0.2,0.6779661016949152,12.88135593220339,0.5177,0.07331623783298681,0.10266225206134484,0.09866997332977374,0.10361899023168214,0.02934601422835803,0.025353735496786933,0.03030275239869533,0.02934601422835803,0.025353735496786933,0.03030275239869533,0.004949016901908396
oracle_fixed_per_seed,4,frank,0.3,0.6779661016949152,12.88135593220339,0.5166999999999999,0.07331623783298681,0.09431779020878182,0.09842605342486428,0.10404401953125293,0.021001552375795013,0.02510981559187747,0.03072778169826612,0.021001552375795013,0.02510981559187747,0.03072778169826612,0.00561796610638865
oracle_fixed_per_seed,4,frank,0.4,0.6779661016949152,12.88135593220339,0.5234,0.07331623783298681,0.09570248682644979,0.0975851339332079,0.10130301363052444,0.022386248993462976,0.024268896100221093,0.027986775797537625,0.022386248993462976,0.024268896100221093,0.027986775797537625,0.0037178796973165312
oracle_fixed_per_seed,4,frank,0.5,0.6779661016949152,12.88135593220339,0.5204,0.07331623783298681,0.0972200596132135,0.09349408342827244,0.09773897336462631,0.023903821780226694,0.020177845595285626,0.024422735531639497,0.023903821780226694,0.020177845595285626,0.024422735531639497,0.004244889936353871
oracle_fixed_per_seed,4,frank,0.6,0.6779661016949152,12.88135593220339,0.5152,0.07331623783298681,0.10389446938112551,0.0942813594868629,0.09788371065990195,0.0305782315481387,0.020965121653876095,0.02456747282691514,0.0305782315481387,0.020965121653876095,0.02456747282691514,0.003602351173039045
oracle_fixed_per_seed,4,frank,0.7,0.6779661016949152,12.88135593220339,0.5135000000000001,0.07331623783298681,0.10073812470758879,0.09639245074006417,0.09976502389426577,0.02742188687460198,0.023076212907077356,0.026448786061278956,0.02742188687460198,0.023076212907077356,0.026448786061278956,0.0033725731542015996
oracle_fixed_per_seed,4,frank,0.8,0.6779661016949152,12.88135593220339,0.5142,0.07331623783298681,0.1002468031222494,0.09488492499986259,0.09869573982948693,0.02693056528926259,0.02156868716687578,0.025379501996500117,0.02693056528926259,0.02156868716687578,0.025379501996500117,0.003810814829624337
oracle_fixed_per_seed,5,clayton,0.0,0.7033898305084746,13.364406779661017,0.5122,0.0681183817027314,0.10181028184254934,0.09878908754844008,0.1022782375891151,0.03369190013981793,0.030670705845708676,0.03415985588638369,0.03369190013981793,0.030670705845708676,0.03415985588638369,0.0034891500406750153
oracle_fixed_per_seed,5,clayton,0.1,0.728813559322034,13.847457627118645,0.483,0.0681183817027314,0.09710729352374653,0.09466499506186435,0.09676383360219608,0.028988911821015123,0.026546613359132942,0.028645451899464672,0.028988911821015123,0.026546613359132942,0.028645451899464672,0.0020988385403317295
oracle_fixed_per_seed,5,clayton,0.2,0.728813559322034,13.847457627118645,0.48839999999999995,0.0681183817027314,0.09626982048492107,0.08928575639337101,0.09009575141915521,0.02815143878218966,0.021167374690639604,0.021977369716423806,0.02815143878218966,0.021167374690639604,0.021977369716423806,0.000809995025784202
oracle_fixed_per_seed,5,clayton,0.3,0.728813559322034,13.847457627118645,0.4929,0.0681183817027314,0.10379972686711113,0.09000313535946743,0.09051721481060863,0.03568134516437972,0.02188475365673602,0.022398833107877228,0.03568134516437972,0.02188475365673602,0.022398833107877228,0.0005140794511412083
oracle_fixed_per_seed,5,clayton,0.4,0.728813559322034,13.847457627118645,0.488,0.0681183817027314,0.10032417683560955,0.08559225003335227,0.08523449342067514,0.03220579513287815,0.017473868330620868,0.017116111717943736,0.03220579513287815,0.017473868330620868,0.017116111717943736,-0.000357756612677132
oracle_fixed_per_seed,5,clayton,0.5,0.728813559322034,13.847457627118645,0.4907,0.0681183817027314,0.109745400424656,0.08824658259467912,0.08805327021850201,0.04162701872192459,0.02012820089194771,0.019934888515770605,0.04162701872192459,0.02012820089194771,0.019934888515770605,-0.0001933123761771044
oracle_fixed_per_seed,5,clayton,0.6,0.728813559322034,13.847457627118645,0.4848,0.0681183817027314,0.11230341455676067,0.08705099831039,0.08586755434326686,0.04418503285402926,0.01893261660765859,0.01774917264053545,0.04418503285402926,0.01893261660765859,0.01774917264053545,-0.0011834439671231378
oracle_fixed_per_seed,5,clayton,0.7,0.728813559322034,13.847457627118645,0.4809,0.0681183817027314,0.10655068638979195,0.08542711952873558,0.08497333256900112,0.03843230468706055,0.017308737826004172,0.016854950866269716,0.03843230468706055,0.017308737826004172,0.016854950866269716,-0.00045378695973445626
oracle_fixed_per_seed,5,clayton,0.8,0.728813559322034,13.847457627118645,0.4768,0.0681183817027314,0.10931937898052757,0.08411149143241872,0.0841689740652778,0.041200997277796164,0.015993109729687316,0.016050592362546398,0.041200997277796164,0.015993109729687316,0.016050592362546398,5.748263285908217e-05
oracle_fixed_per_seed,5,frank,0.0,0.728813559322034,13.847457627118645,0.4859,0.0681183817027314,0.08817531195577298,0.09638730527194263,0.10097867990491484,0.020056930253041574,0.02826892356921122,0.03286029820218343,0.020056930253041574,0.02826892356921122,0.03286029820218343,0.004591374632972212
oracle_fixed_per_seed,5,frank,0.1,0.728813559322034,13.847457627118645,0.4847,0.0681183817027314,0.09294839146219777,0.09341011887849532,0.09968331569374905,0.024830009759466365,0.025291737175763912,0.031564933991017646,0.024830009759466365,0.025291737175763912,0.031564933991017646,0.006273196815253734
oracle_fixed_per_seed,5,frank,0.2,0.728813559322034,13.847457627118645,0.48140000000000005,0.0681183817027314,0.10050852462917029,0.09866954904941186,0.10117988825456832,0.03239014292643888,0.030551167346680452,0.033061506551836914,0.03239014292643888,0.030551167346680452,0.033061506551836914,0.0025103392051564616
oracle_fixed_per_seed,5,frank,0.3,0.728813559322034,13.847457627118645,0.48240000000000005,0.0681183817027314,0.09400379874024936,0.09317374374005288,0.09621123164582066,0.025885417037517955,0.025055362037321477,0.02809284994308925,0.025885417037517955,0.025055362037321477,0.02809284994308925,0.0030374879057677717
oracle_fixed_per_seed,5,frank,0.4,0.728813559322034,13.847457627118645,0.4809,0.0681183817027314,0.09700318971505492,0.09604450389468665,0.09958968401816959,0.028884808012323515,0.02792612219195524,0.03147130231543818,0.028884808012323515,0.02792612219195524,0.03147130231543818,0.003545180123482941
oracle_fixed_per_seed,5,frank,0.5,0.728813559322034,13.847457627118645,0.47840000000000005,0.0681183817027314,0.09940627858558392,0.09102079511198138,0.0957384087857928,0.03128789688285251,0.022902413409249978,0.027620027083061396,0.03128789688285251,0.022902413409249978,0.027620027083061396,0.004717613673811419
oracle_fixed_per_seed,5,frank,0.6,0.728813559322034,13.847457627118645,0.4738,0.0681183817027314,0.10050282023585565,0.09485791766583215,0.09792114615003891,0.03238443853312424,0.026739535963100747,0.029802764447307506,0.03238443853312424,0.026739535963100747,0.029802764447307506,0.003063228484206759
oracle_fixed_per_seed,5,frank,0.7,0.728813559322034,13.847457627118645,0.47419999999999995,0.0681183817027314,0.09991989943863014,0.09237929945980342,0.09453647139039097,0.03180151773589873,0.02426091775707201,0.02641808968765956,0.03180151773589873,0.02426091775707201,0.02641808968765956,0.002157171930587551
oracle_fixed_per_seed,5,frank,0.8,0.7033898305084746,13.364406779661017,0.5287,0.0681183817027314,0.09998286639774831,0.08868432183117822,0.09195518440034735,0.031864484695016904,0.020565940128446814,0.02383680269761594,0.031864484695016904,0.020565940128446814,0.02383680269761594,0.003270862569169128
oracle_fixed_per_seed,6,clayton,0.0,1.1101694915254239,21.093220338983052,0.5028,0.06505193415686307,0.09026700220172384,0.09325155114724078,0.09989267707815748,0.025215068044860775,0.028199616990377707,0.03484074292129441,0.025215068044860775,0.028199616990377707,0.03484074292129441,0.0066411259309167026
oracle_fixed_per_seed,6,clayton,0.1,1.1101694915254239,21.093220338983052,0.4991,0.06505193415686307,0.0876940783692562,0.09214727672444341,0.09554350741113395,0.022642144212393134,0.02709534256758034,0.030491573254270876,0.022642144212393134,0.02709534256758034,0.030491573254270876,0.003396230686690538
oracle_fixed_per_seed,6,clayton,0.2,1.1101694915254239,21.093220338983052,0.495,0.06505193415686307,0.1027284800403339,0.0874576063371577,0.08960977895862202,0.03767654588347083,0.022405672180294628,0.024557844801758946,0.03767654588347083,0.022405672180294628,0.024557844801758946,0.0021521726214643183
oracle_fixed_per_seed,6,clayton,0.3,1.1101694915254239,21.093220338983052,0.5056,0.06505193415686307,0.10934697210325386,0.09260015302381752,0.09407972460701255,0.044295037946390795,0.027548218866954452,0.029027790450149485,0.044295037946390795,0.027548218866954452,0.029027790450149485,0.001479571583195033
oracle_fixed_per_seed,6,clayton,0.4,1.1101694915254239,21.093220338983052,0.5082,0.06505193415686307,0.1374624250142314,0.08697391972063978,0.08714583259911816,0.07241049085736832,0.02192198556377671,0.022093898442255094,0.07241049085736832,0.02192198556377671,0.022093898442255094,0.00017191287847838355
oracle_fixed_per_seed,6,clayton,0.5,1.1101694915254239,21.093220338983052,0.5109,0.06505193415686307,0.1111677023810545,0.0878096121943228,0.08757267225446237,0.04611576822419143,0.022757678037459733,0.022520738097599302,0.04611576822419143,0.022757678037459733,0.022520738097599302,-0.00023693993986043105
oracle_fixed_per_seed,6,clayton,0.6,1.1101694915254239,21.093220338983052,0.5102,0.06505193415686307,0.12582160113661414,0.08654088233261283,0.0860245212468598,0.06076966697975107,0.021488948175749756,0.020972587089996733,0.06076966697975107,0.021488948175749756,0.020972587089996733,-0.0005163610857530226
oracle_fixed_per_seed,6,clayton,0.7,1.1101694915254239,21.093220338983052,0.5053000000000001,0.06505193415686307,0.13294757371378726,0.0853728467942506,0.08480154437880247,0.0678956395569242,0.020320912637387528,0.019749610221939398,0.0678956395569242,0.020320912637387528,0.019749610221939398,-0.00057130241544813
oracle_fixed_per_seed,6,clayton,0.8,1.1101694915254239,21.093220338983052,0.49829999999999997,0.06505193415686307,0.12486072920640216,0.0829490366399776,0.08280796879470831,0.05980879504953909,0.017897102483114533,0.01775603463784524,0.05980879504953909,0.017897102483114533,0.01775603463784524,-0.00014106784526929372
oracle_fixed_per_seed,6,frank,0.0,1.1101694915254239,21.093220338983052,0.49739999999999995,0.06505193415686307,0.09421120722958067,0.09784835931138094,0.10676591369251823,0.029159273072717595,0.032796425154517875,0.04171397953565516,0.029159273072717595,0.032796425154517875,0.04171397953565516,0.008917554381137283
oracle_fixed_per_seed,6,frank,0.1,1.1101694915254239,21.093220338983052,0.4982,0.06505193415686307,0.0899796813892394,0.09628821587810357,0.10231437595729918,0.024927747232376327,0.031236281721240503,0.037262441800436114,0.024927747232376327,0.031236281721240503,0.037262441800436114,0.006026160079195611
oracle_fixed_per_seed,6,frank,0.2,1.1101694915254239,21.093220338983052,0.49570000000000003,0.06505193415686307,0.09812099669598814,0.09590292234849918,0.10194204194237745,0.033069062539125074,0.030850988191636106,0.03689010778551438,0.033069062539125074,0.030850988191636106,0.03689010778551438,0.0060391195938782755
oracle_fixed_per_seed,6,frank,0.3,1.1101694915254239,21.093220338983052,0.49739999999999995,0.06505193415686307,0.09551398902223494,0.0894563073384581,0.09484500151164622,0.030462054865371874,0.024404373181595024,0.029793067354783154,0.030462054865371874,0.024404373181595024,0.029793067354783154,0.00538869417318813
oracle_fixed_per_seed,6,frank,0.4,1.1101694915254239,21.093220338983052,0.5001,0.06505193415686307,0.09674793384469185,0.09607992727600705,0.10366605228713768,0.03169599968782878,0.031027993119143976,0.03861411813027461,0.03169599968782878,0.031027993119143976,0.03861411813027461,0.007586125011130637
oracle_fixed_per_seed,6,frank,0.5,1.1101694915254239,21.093220338983052,0.48939999999999995,0.06505193415686307,0.10196762452957478,0.08894511158313066,0.09683768549351247,0.03691569037271171,0.023893177426267592,0.031785751336649404,0.03691569037271171,0.023893177426267592,0.031785751336649404,0.007892573910381812
oracle_fixed_per_seed,6,frank,0.6,1.1101694915254239,21.093220338983052,0.49550000000000005,0.06505193415686307,0.10763478545699295,0.09650492418537869,0.10200190156123459,0.042582851300129884,0.03145299002851562,0.03694996740437152,0.042582851300129884,0.03145299002851562,0.03694996740437152,0.005496977375855902
oracle_fixed_per_seed,6,frank,0.7,1.1101694915254239,21.093220338983052,0.4908,0.06505193415686307,0.09461842407201629,0.09300161290816923,0.10012195078155554,0.02956648991515322,0.027949678751306162,0.035070016624692474,0.02956648991515322,0.027949678751306162,0.035070016624692474,0.007120337873386312
oracle_fixed_per_seed,6,frank,0.8,1.1101694915254239,21.093220338983052,0.4858,0.06505193415686307,0.10980039815386398,0.0934931135472121,0.09707577465000135,0.044748463997000915,0.028441179390349028,0.03202384049313828,0.044748463997000915,0.028441179390349028,0.03202384049313828,0.00358266110278925
oracle_fixed_per_seed,7,clayton,0.0,0.7542372881355932,14.330508474576272,0.4898,0.06914885733811245,0.09586365249499267,0.10347356399319194,0.10934428830482183,0.026714795156880217,0.03432470665507949,0.04019543096670938,0.026714795156880217,0.03432470665507949,0.04019543096670938,0.005870724311629896
oracle_fixed_per_seed,7,clayton,0.1,0.7542372881355932,14.330508474576272,0.4829,0.06914885733811245,0.1063106720216849,0.10058010593645414,0.10317791515120923,0.03716181468357245,0.03143124859834169,0.034029057813096786,0.03716181468357245,0.03143124859834169,0.034029057813096786,0.002597809214755095
oracle_fixed_per_seed,7,clayton,0.2,0.728813559322034,13.847457627118645,0.5184,0.06914885733811245,0.1025703852643831,0.09828288494890237,0.09882402339635983,0.03342152792627065,0.029134027610789925,0.029675166058247382,0.03342152792627065,0.029134027610789925,0.029675166058247382,0.0005411384474574565
oracle_fixed_per_seed,7,clayton,0.3,0.7542372881355932,14.330508474576272,0.4788,0.06914885733811245,0.10583128963122024,0.09830894100375046,0.09826112146484542,0.03668243229310779,0.029160083665638006,0.02911226412673297,0.03668243229310779,0.029160083665638006,0.02911226412673297,-4.781953890503621e-05
oracle_fixed_per_seed,7,clayton,0.4,0.7542372881355932,14.330508474576272,0.49050000000000005,0.06914885733811245,0.11655954804102682,0.09592459103474817,0.09444599500451953,0.04741069070291437,0.026775733696635717,0.02529713766640708,0.04741069070291437,0.026775733696635717,0.02529713766640708,-0.0014785960302286377
oracle_fixed_per_seed,7,clayton,0.5,0.7542372881355932,14.330508474576272,0.4897,0.06914885733811245,0.118792413984182,0.09935725371417288,0.09859160258318085,0.04964355664606955,0.03020839637606043,0.029442745245068402,0.04964355664606955,0.03020839637606043,0.029442745245068402,-0.0007656511309920289
oracle_fixed_per_seed,7,clayton,0.6,0.7542372881355932,14.330508474576272,0.481,0.06914885733811245,0.11641292176503037,0.09818729610187127,0.09746732719652278,0.047264064426917926,0.02903843876375882,0.028318469858410328,0.047264064426917926,0.02903843876375882,0.028318469858410328,-0.000719968905348492
oracle_fixed_per_seed,7,clayton,0.7,0.7542372881355932,14.330508474576272,0.4779,0.06914885733811245,0.11613314157353676,0.09613975625229812,0.09561497246538365,0.046984284235424306,0.02699089891418567,0.026466115127271206,0.046984284235424306,0.02699089891418567,0.026466115127271206,-0.000524783786914465
oracle_fixed_per_seed,7,clayton,0.8,0.728813559322034,13.847457627118645,0.5286,0.06914885733811245,0.12219291620806465,0.09552045166750912,0.09440020075287464,0.0530440588699522,0.026371594329396675,0.025251343414762192,0.0530440588699522,0.026371594329396675,0.025251343414762192,-0.0011202509146344825
oracle_fixed_per_seed,7,frank,0.0,0.7542372881355932,14.330508474576272,0.485,0.06914885733811245,0.09486212566278895,0.10266592484693508,0.10757749624658214,0.025713268324676505,0.033517067508822634,0.03842863890846969,0.025713268324676505,0.033517067508822634,0.03842863890846969,0.004911571399647055
oracle_fixed_per_seed,7,frank,0.1,0.728813559322034,13.847457627118645,0.5163,0.06914885733811245,0.08736998218350765,0.09713269732539571,0.10169683112543394,0.018221124845395203,0.027983839987283265,0.032547973787321494,0.018221124845395203,0.027983839987283265,0.032547973787321494,0.004564133800038228
oracle_fixed_per_seed,7,frank,0.2,0.7542372881355932,14.330508474576272,0.4887,0.06914885733811245,0.104157054431182,0.10056189993997221,0.10835732883451063,0.03500819709306956,0.03141304260185976,0.03920847149639818,0.03500819709306956,0.03141304260185976,0.03920847149639818,0.007795428894538423
oracle_fixed_per_seed,7,frank,0.3,0.7542372881355932,14.330508474576272,0.4827,0.06914885733811245,0.09942766775709849,0.09866437760780343,0.1030496112294825,0.030278810418986044,0.02951552026969098,0.03390075389137005,0.030278810418986044,0.02951552026969098,0.03390075389137005,0.004385233621679072
oracle_fixed_per_seed,7,frank,0.4,0.728813559322034,13.847457627118645,0.518,0.06914885733811245,0.10521605569660206,0.10164382623969534,0.10598803747510781,0.03606719835848961,0.03249496890158289,0.03683918013699536,0.03606719835848961,0.03249496890158289,0.03683918013699536,0.004344211235412468
oracle_fixed_per_seed,7,frank,0.5,0.728813559322034,13.847457627118645,0.5241,0.06914885733811245,0.10716696053325357,0.10056964114258095,0.10457081482539389,0.03801810319514112,0.0314207838044685,0.03542195748728144,0.03801810319514112,0.0314207838044685,0.03542195748728144,0.004001173682812942
oracle_fixed_per_seed,7,frank,0.6,0.728813559322034,13.847457627118645,0.522,0.06914885733811245,0.1048677257843608,0.09578689356411677,0.09908856303344907,0.035718868446248345,0.026638036226004316,0.02993970569533662,0.035718868446248345,0.026638036226004316,0.02993970569533662,0.0033016694693323023
oracle_fixed_per_seed,7,frank,0.7,0.728813559322034,13.847457627118645,0.5242,0.06914885733811245,0.10559986378636664,0.10048136251034302,0.10586049743025054,0.03645100644825419,0.031332505172230574,0.03671164009213809,0.03645100644825419,0.031332505172230574,0.03671164009213809,0.005379134919907519
oracle_fixed_per_seed,7,frank,0.8,0.728813559322034,13.847457627118645,0.5235000000000001,0.06914885733811245,0.10679484755838285,0.09755672194805998,0.09999688969544479,0.0376459902202704,0.028407864609947528,0.03084803235733234,0.0376459902202704,0.028407864609947528,0.03084803235733234,0.002440167747384814
oracle_fixed_per_seed,8,clayton,0.0,1.1864406779661016,22.54237288135593,0.49470000000000003,0.07646033969466498,0.09976876514095352,0.09935876254127421,0.10754604001752142,0.02330842544628854,0.02289842284660923,0.031085700322856444,0.02330842544628854,0.02289842284660923,0.031085700322856444,0.008187277476247215
oracle_fixed_per_seed,8,clayton,0.1,1.1864406779661016,22.54237288135593,0.5024,0.07646033969466498,0.0967422541905233,0.09469453706231545,0.09888742677825452,0.020281914495858325,0.018234197367650473,0.022427087083589536,0.020281914495858325,0.018234197367650473,0.022427087083589536,0.004192889715939063
oracle_fixed_per_seed,8,clayton,0.2,1.1864406779661016,22.54237288135593,0.5046999999999999,0.07646033969466498,0.10116309209759249,0.09462585802766586,0.09861222934231544,0.024702752402927505,0.018165518333000882,0.022151889647650455,0.024702752402927505,0.018165518333000882,0.022151889647650455,0.003986371314649573
oracle_fixed_per_seed,8,clayton,0.3,1.1864406779661016,22.54237288135593,0.5101,0.07646033969466498,0.11577995316761429,0.09520497276970354,0.09664472938998997,0.03931961347294931,0.018744633075038555,0.02018438969532499,0.03931961347294931,0.018744633075038555,0.02018438969532499,0.0014397566202864337
oracle_fixed_per_seed,8,clayton,0.4,1.1864406779661016,22.54237288135593,0.5062,0.07646033969466498,0.11197648108496598,0.09122295433321527,0.0926344735291689,0.035516141390301,0.01476261463855029,0.016174133834503918,0.035516141390301,0.01476261463855029,0.016174133834503918,0.0014115191959536283
oracle_fixed_per_seed,8,clayton,0.5,1.1864406779661016,22.54237288135593,0.5016,0.07646033969466498,0.12692145097783888,0.08952430093480376,0.08942525413552692,0.050461111283173904,0.013063961240138783,0.012964914440861938,0.050461111283173904,0.013063961240138783,0.012964914440861938,-9.904679927684457e-05
oracle_fixed_per_seed,8,clayton,0.6,1.1864406779661016,22.54237288135593,0.5066999999999999,0.07646033969466498,0.1277508750992156,0.0896658842508881,0.0900162278208327,0.05129053540455061,0.013205544556223123,0.013555888126167717,0.05129053540455061,0.013205544556223123,0.013555888126167717,0.0003503435699445945
oracle_fixed_per_seed,8,clayton,0.7,1.1864406779661016,22.54237288135593,0.5017,0.07646033969466498,0.13629258079468343,0.08835738600666747,0.08851488398616654,0.059832241100018446,0.011897046312002488,0.01205454429150156,0.059832241100018446,0.011897046312002488,0.01205454429150156,0.00015749797949907163
oracle_fixed_per_seed,8,clayton,0.8,1.1864406779661016,22.54237288135593,0.49260000000000004,0.07646033969466498,0.13061447776827842,0.08627855788169808,0.0859971760852849,0.05415413807361344,0.009818218187033101,0.009536836390619918,0.05415413807361344,0.009818218187033101,0.009536836390619918,-0.0002813817964131826
oracle_fixed_per_seed,8,frank,0.0,1.1864406779661016,22.54237288135593,0.4961,0.07646033969466498,0.09571587461995504,0.0995738698448412,0.10484562124015238,0.019255534925290058,0.023113530150176226,0.028385281545487404,0.019255534925290058,0.023113530150176226,0.028385281545487404,0.005271751395311178
oracle_fixed_per_seed,8,frank,0.1,1.1864406779661016,22.54237288135593,0.49860000000000004,0.07646033969466498,0.08738549999789447,0.09170914865476289,0.10376481262581218,0.010925160303229486,0.015248808960097907,0.027304472931147197,0.010925160303229486,0.015248808960097907,0.027304472931147197,0.01205566397104929
oracle_fixed_per_seed,8,frank,0.2,1.1864406779661016,22.54237288135593,0.4962,0.07646033969466498,0.09942858186397462,0.09666495262225955,0.10410342550385816,0.022968242169309636,0.020204612927594567,0.027643085809193182,0.022968242169309636,0.020204612927594567,0.027643085809193182,0.007438472881598615
oracle_fixed_per_seed,8,frank,0.3,1.1864406779661016,22.54237288135593,0.4971,0.07646033969466498,0.09958518798079642,0.09679209468062619,0.10247309912553038,0.02312484828613144,0.02033175498596121,0.026012759430865395,0.02312484828613144,0.02033175498596121,0.026012759430865395,0.005681004444904186
oracle_fixed_per_seed,8,frank,0.4,1.1864406779661016,22.54237288135593,0.4938,0.07646033969466498,0.09900921083842497,0.09954319983024,0.10373099054642432,0.022548871143759988,0.02308286013557502,0.027270650851759337,0.022548871143759988,0.02308286013557502,0.027270650851759337,0.004187790716184317
oracle_fixed_per_seed,8,frank,0.5,1.1864406779661016,22.54237288135593,0.487,0.07646033969466498,0.10263470264501046,0.0972601160214847,0.10272315281189802,0.026174362950345476,0.020799776326819716,0.02626281311723304,0.026174362950345476,0.020799776326819716,0.02626281311723304,0.005463036790413323
oracle_fixed_per_seed,8,frank,0.6,1.1864406779661016,22.54237288135593,0.48560000000000003,0.07646033969466498,0.10143480948069637,0.09300756767192532,0.10096456603513657,0.024974469786031392,0.01654722797726034,0.024504226340471585,0.024974469786031392,0.01654722797726034,0.024504226340471585,0.007956998363211246
oracle_fixed_per_seed,8,frank,0.7,1.1864406779661016,22.54237288135593,0.48329999999999995,0.07646033969466498,0.10527809456827278,0.09411800432318411,0.09992290231421819,0.028817754873607798,0.01765766462851913,0.023462562619553207,0.028817754873607798,0.01765766462851913,0.023462562619553207,0.0058048979910340776
oracle_fixed_per_seed,8,frank,0.8,1.1864406779661016,22.54237288135593,0.4806,0.07646033969466498,0.10572814510441703,0.0962258637177297,0.09921808642100166,0.029267805409752046,0.019765524023064723,0.02275774672633668,0.029267805409752046,0.019765524023064723,0.02275774672633668,0.0029922227032719573
oracle_fixed_per_seed,9,clayton,0.0,1.1355932203389831,21.576271186440678,0.49050000000000005,0.07281660549451871,0.1066409623420863,0.09460263308490649,0.09897432670863955,0.033824356847567585,0.02178602759038778,0.02615772121412084,0.033824356847567585,0.02178602759038778,0.02615772121412084,0.004371693623733061
oracle_fixed_per_seed,9,clayton,0.1,1.1355932203389831,21.576271186440678,0.48929999999999996,0.07281660549451871,0.0952365627668572,0.09269702337247107,0.09647963805965078,0.02241995727233849,0.01988041787795236,0.023663032565132067,0.02241995727233849,0.01988041787795236,0.023663032565132067,0.0037826146871797056
oracle_fixed_per_seed,9,clayton,0.2,1.1355932203389831,21.576271186440678,0.49670000000000003,0.07281660549451871,0.09903693256707267,0.08971608087812578,0.09161877195357579,0.026220327072553964,0.016899475383607074,0.01880216645905708,0.026220327072553964,0.016899475383607074,0.01880216645905708,0.0019026910754500054
oracle_fixed_per_seed,9,clayton,0.3,1.1355932203389831,21.576271186440678,0.49729999999999996,0.07281660549451871,0.10190323461192417,0.0875798881537589,0.08772072117094189,0.029086629117405463,0.014763282659240193,0.014904115676423177,0.029086629117405463,0.014763282659240193,0.014904115676423177,0.00014083301718298413
oracle_fixed_per_seed,9,clayton,0.4,1.1355932203389831,21.576271186440678,0.49939999999999996,0.07281660549451871,0.1011836834654535,0.08468667664387226,0.08497261813521816,0.028367077970934795,0.011870071149353553,0.012156012640699446,0.028367077970934795,0.011870071149353553,0.012156012640699446,0.0002859414913458924
oracle_fixed_per_seed,9,clayton,0.5,1.1355932203389831,21.576271186440678,0.498,0.07281660549451871,0.10495259004432303,0.08773456816233333,0.08744836396991976,0.03213598454980432,0.014917962667814616,0.014631758475401047,0.03213598454980432,0.014917962667814616,0.014631758475401047,-0.0002862041924135694
oracle_fixed_per_seed,9,clayton,0.6,1.1355932203389831,21.576271186440678,0.496,0.07281660549451871,0.10836152905984311,0.08336578322146015,0.08257000020799254,0.035544923565324404,0.010549177726941444,0.009753394713473834,0.035544923565324404,0.010549177726941444,0.009753394713473834,-0.0007957830134676103
oracle_fixed_per_seed,9,clayton,0.7,1.1355932203389831,21.576271186440678,0.48839999999999995,0.07281660549451871,0.11232098668596571,0.08378145911302033,0.08298731356810027,0.039504381191447,0.010964853618501622,0.010170708073581558,0.039504381191447,0.010964853618501622,0.010170708073581558,-0.0007941455449200635
oracle_fixed_per_seed,9,clayton,0.8,1.1355932203389831,21.576271186440678,0.4828,0.07281660549451871,0.10990517685780693,0.08301548925501688,0.08229984222340178,0.03708857136328822,0.01019888376049817,0.009483236728883071,0.03708857136328822,0.01019888376049817,0.009483236728883071,-0.0007156470316150992
oracle_fixed_per_seed,9,frank,0.0,1.1355932203389831,21.576271186440678,0.4918,0.07281660549451871,0.09578178920985757,0.10018920337611857,0.10464001308747961,0.022965183715338858,0.02737259788159986,0.0318234075929609,0.022965183715338858,0.02737259788159986,0.0318234075929609,0.0044508097113610395
oracle_fixed_per_seed,9,frank,0.1,1.1355932203389831,21.576271186440678,0.4888,0.07281660549451871,0.10440450039311434,0.09874405805858569,0.10217832800214263,0.031587894898595634,0.025927452564066977,0.029361722507623922,0.031587894898595634,0.025927452564066977,0.029361722507623922,0.0034342699435569446
oracle_fixed_per_seed,9,frank,0.2,1.1355932203389831,21.576271186440678,0.49229999999999996,0.07281660549451871,0.10380763452493934,0.09824146267631352,0.10242814300241987,0.030991029030420628,0.02542485718179481,0.02961153750790116,0.030991029030420628,0.02542485718179481,0.02961153750790116,0.0041866803261063484
oracle_fixed_per_seed,9,frank,0.3,1.1355932203389831,21.576271186440678,0.4939,0.07281660549451871,0.10037824454505223,0.09873284817669228,0.10344444274072949,0.02756163905053352,0.025916242682173574,0.03062783724621078,0.02756163905053352,0.025916242682173574,0.03062783724621078,0.004711594564037205
oracle_fixed_per_seed,9,frank,0.4,1.1355932203389831,21.576271186440678,0.48750000000000004,0.07281660549451871,0.0894041671661499,0.0869691461482822,0.09119396923875554,0.016587561671631196,0.014152540653763493,0.018377363744236833,0.016587561671631196,0.014152540653763493,0.018377363744236833,0.00422482309047334
oracle_fixed_per_seed,9,frank,0.5,1.1101694915254239,21.093220338983052,0.5152,0.07281660549451871,0.10014571006741518,0.08938644714467096,0.09426018259148693,0.027329104572896473,0.016569841650152253,0.021443577096968217,0.027329104572896473,0.016569841650152253,0.021443577096968217,0.004873735446815963
oracle_fixed_per_seed,9,frank,0.6,1.1101694915254239,21.093220338983052,0.5126,0.07281660549451871,0.12646923874709196,0.0930351191784214,0.09626180940073312,0.053652633252573245,0.020218513683902692,0.023445203906214407,0.053652633252573245,0.020218513683902692,0.023445203906214407,0.003226690222311715
oracle_fixed_per_seed,9,frank,0.7,1.1101694915254239,21.093220338983052,0.5131,0.07281660549451871,0.10731642886130836,0.096275326730841,0.09966309234251515,0.03449982336678965,0.023458721236322283,0.02684648684799644,0.03449982336678965,0.023458721236322283,0.02684648684799644,0.0033877656116741567
oracle_fixed_per_seed,9,frank,0.8,1.1101694915254239,21.093220338983052,0.511,0.07281660549451871,0.10578602035664479,0.09379833217669069,0.09704728099802641,0.03296941486212608,0.020981726682171978,0.0242306755035077,0.03296941486212608,0.020981726682171978,0.0242306755035077,0.003248948821335723
