prediction_model,experiment,seed,dgp_copula,true_k_tau,assumed_copula,assumed_k_tau,tau_abs_error,alpha_c_mult,alpha_c_used,censoring_rate,ibs_true,ibs_ipcw,ibs_dep_bguw,bias_ipcw,bias_dep_bguw,err_ipcw,err_dep_bguw
oracle_fixed_per_seed,family,0,clayton,0.0,frank,0.0,0.0,0.9830508474576272,18.677966101694917,0.5006999999999999,0.07015034619301057,0.09883289875499619,0.09928136982972655,0.028682552561985625,0.029131023636715977,0.028682552561985625,0.029131023636715977
oracle_fixed_per_seed,family,0,clayton,0.25,frank,0.25,0.0,0.9830508474576272,18.677966101694917,0.5041,0.07015034619301057,0.12304888135826945,0.09479581339240865,0.052898535165258886,0.024645467199398086,0.052898535165258886,0.024645467199398086
oracle_fixed_per_seed,family,0,clayton,0.5,frank,0.5,0.0,0.9830508474576272,18.677966101694917,0.5205,0.07015034619301057,0.13560524670134436,0.1040308634425753,0.06545490050833379,0.03388051724956473,0.06545490050833379,0.03388051724956473
oracle_fixed_per_seed,dep_clayton,0,clayton,0.5,clayton,0.0,0.5,0.9830508474576272,18.677966101694917,0.5205,0.07015034619301057,0.13560524670134436,0.11101797318714639,0.06545490050833379,0.04086762699413582,0.06545490050833379,0.04086762699413582
oracle_fixed_per_seed,dep_clayton,0,clayton,0.5,clayton,0.25,0.25,0.9830508474576272,18.677966101694917,0.5205,0.07015034619301057,0.13560524670134436,0.09632733607366575,0.06545490050833379,0.026176989880655185,0.06545490050833379,0.026176989880655185
oracle_fixed_per_seed,dep_clayton,0,clayton,0.5,clayton,0.5,0.0,0.9830508474576272,18.677966101694917,0.5205,0.07015034619301057,0.13560524670134436,0.09142727701567123,0.06545490050833379,0.02127693082266066,0.06545490050833379,0.02127693082266066
oracle_fixed_per_seed,dep_clayton,0,clayton,0.5,clayton,0.8,0.30000000000000004,0.9830508474576272,18.677966101694917,0.5205,0.07015034619301057,0.13560524670134436,0.08881725972102551,0.06545490050833379,0.018666913528014945,0.06545490050833379,0.018666913528014945
oracle_fixed_per_seed,family,0,clayton,0.8,frank,0.8,0.0,0.9830508474576272,18.677966101694917,0.5026999999999999,0.07015034619301057,0.13552314005795363,0.09644106411658465,0.06537279386494306,0.026290717923574083,0.06537279386494306,0.026290717923574083
oracle_fixed_per_seed,family,0,frank,0.0,clayton,0.0,0.0,0.9830508474576272,18.677966101694917,0.49450000000000005,0.07015034619301057,0.10093000973221147,0.09468604296668,0.030779663539200905,0.02453569677366943,0.030779663539200905,0.02453569677366943
oracle_fixed_per_seed,family,0,frank,0.25,clayton,0.25,0.0,0.9830508474576272,18.677966101694917,0.49629999999999996,0.07015034619301057,0.11735622834088633,0.09342840355996596,0.04720588214787576,0.023278057366955388,0.04720588214787576,0.023278057366955388
oracle_fixed_per_seed,family,0,frank,0.5,clayton,0.5,0.0,0.9830508474576272,18.677966101694917,0.4877,0.07015034619301057,0.10739640064403157,0.08891486307105904,0.037246054451021,0.018764516878048476,0.037246054451021,0.018764516878048476
oracle_fixed_per_seed,dep_frank,0,frank,0.5,frank,0.0,0.5,0.9830508474576272,18.677966101694917,0.4877,0.07015034619301057,0.10739640064403157,0.10117684457866301,0.037246054451021,0.03102649838565244,0.037246054451021,0.03102649838565244
oracle_fixed_per_seed,dep_frank,0,frank,0.5,frank,0.25,0.25,0.9830508474576272,18.677966101694917,0.4877,0.07015034619301057,0.10739640064403157,0.0983515702927465,0.037246054451021,0.02820122409973594,0.037246054451021,0.02820122409973594
oracle_fixed_per_seed,dep_frank,0,frank,0.5,frank,0.5,0.0,0.9830508474576272,18.677966101694917,0.4877,0.07015034619301057,0.10739640064403157,0.09682308038699503,0.037246054451021,0.026672734193984457,0.037246054451021,0.026672734193984457
oracle_fixed_per_seed,dep_frank,0,frank,0.5,frank,0.8,0.30000000000000004,0.9830508474576272,18.677966101694917,0.4877,0.07015034619301057,0.10739640064403157,0.09289911759751283,0.037246054451021,0.022748771404502266,0.037246054451021,0.022748771404502266
oracle_fixed_per_seed,family,0,frank,0.8,clayton,0.8,0.0,0.9830508474576272,18.677966101694917,0.48029999999999995,0.07015034619301057,0.10833264926102211,0.08750122649339681,0.03818230306801154,0.017350880300386243,0.03818230306801154,0.017350880300386243
oracle_fixed_per_seed,gaussian,0,gaussian,0.0,clayton,0.0,0.0,0.9830508474576272,18.677966101694917,0.5033000000000001,0.07015034619301057,0.0933902733305004,0.0938454823659893,0.023239927137489833,0.023695136172978734,0.023239927137489833,0.023695136172978734
oracle_fixed_per_seed,gaussian,0,gaussian,0.0,frank,0.0,0.0,0.9830508474576272,18.677966101694917,0.5033000000000001,0.07015034619301057,0.0933902733305004,0.09384548438153914,0.023239927137489833,0.023695138188528572,0.023239927137489833,0.023695138188528572
oracle_fixed_per_seed,gaussian,0,gaussian,0.25,clayton,0.25,0.0,0.9830508474576272,18.677966101694917,0.4988,0.07015034619301057,0.10181443565982043,0.09253695673424882,0.03166408946680986,0.02238661054123825,0.03166408946680986,0.02238661054123825
oracle_fixed_per_seed,gaussian,0,gaussian,0.25,frank,0.25,0.0,0.9830508474576272,18.677966101694917,0.4988,0.07015034619301057,0.10181443565982043,0.09944348562037936,0.03166408946680986,0.02929313942736879,0.03166408946680986,0.02929313942736879
oracle_fixed_per_seed,gaussian,0,gaussian,0.5,clayton,0.5,0.0,0.9830508474576272,18.677966101694917,0.497,0.07015034619301057,0.1276461644035996,0.0866271931218983,0.057495818210589036,0.016476846928887734,0.057495818210589036,0.016476846928887734
oracle_fixed_per_seed,gaussian,0,gaussian,0.5,frank,0.5,0.0,0.9830508474576272,18.677966101694917,0.497,0.07015034619301057,0.1276461644035996,0.09439469112090976,0.057495818210589036,0.02424434492789919,0.057495818210589036,0.02424434492789919
oracle_fixed_per_seed,gaussian,0,gaussian,0.8,clayton,0.8,0.0,0.9830508474576272,18.677966101694917,0.4788,0.07015034619301057,0.14275349067073287,0.08527502003528833,0.0726031444777223,0.015124673842277767,0.0726031444777223,0.015124673842277767
oracle_fixed_per_seed,gaussian,0,gaussian,0.8,frank,0.8,0.0,0.9830508474576272,18.677966101694917,0.4788,0.07015034619301057,0.14275349067073287,0.09546593002063695,0.0726031444777223,0.025315583827626387,0.0726031444777223,0.025315583827626387
oracle_fixed_per_seed,family,1,clayton,0.0,frank,0.0,0.0,1.1355932203389831,21.576271186440678,0.5052,0.07923602526946576,0.09406024920976461,0.09884702756144098,0.01482422394029885,0.019611002291975224,0.01482422394029885,0.019611002291975224
oracle_fixed_per_seed,family,1,clayton,0.25,frank,0.25,0.0,1.1355932203389831,21.576271186440678,0.5123,0.07923602526946576,0.11380881633004873,0.10101846817393946,0.034572791060582975,0.021782442904473703,0.034572791060582975,0.021782442904473703
oracle_fixed_per_seed,family,1,clayton,0.5,frank,0.5,0.0,1.1610169491525424,22.059322033898304,0.48540000000000005,0.07923602526946576,0.11349198703271521,0.10613556187926372,0.03425596176324945,0.026899536609797964,0.03425596176324945,0.026899536609797964
oracle_fixed_per_seed,dep_clayton,1,clayton,0.5,clayton,0.0,0.5,1.1610169491525424,22.059322033898304,0.48540000000000005,0.07923602526946576,0.11349198703271521,0.11133886782202429,0.03425596176324945,0.03210284255255853,0.03425596176324945,0.03210284255255853
oracle_fixed_per_seed,dep_clayton,1,clayton,0.5,clayton,0.25,0.25,1.1610169491525424,22.059322033898304,0.48540000000000005,0.07923602526946576,0.11349198703271521,0.1020912596225655,0.03425596176324945,0.022855234353099746,0.03425596176324945,0.022855234353099746
oracle_fixed_per_seed,dep_clayton,1,clayton,0.5,clayton,0.5,0.0,1.1610169491525424,22.059322033898304,0.48540000000000005,0.07923602526946576,0.11349198703271521,0.09734599463775112,0.03425596176324945,0.018109969368285364,0.03425596176324945,0.018109969368285364
oracle_fixed_per_seed,dep_clayton,1,clayton,0.5,clayton,0.8,0.30000000000000004,1.1610169491525424,22.059322033898304,0.48540000000000005,0.07923602526946576,0.11349198703271521,0.09533882812405822,0.03425596176324945,0.016102802854592466,0.03425596176324945,0.016102802854592466
oracle_fixed_per_seed,family,1,clayton,0.8,frank,0.8,0.0,1.1355932203389831,21.576271186440678,0.5052,0.07923602526946576,0.12336982428751185,0.10146998844325353,0.044133799018046094,0.02223396317378777,0.044133799018046094,0.02223396317378777
oracle_fixed_per_seed,family,1,frank,0.0,clayton,0.0,0.0,1.1355932203389831,21.576271186440678,0.5105999999999999,0.07923602526946576,0.10230790522236495,0.10043809789096801,0.023071879952899194,0.021202072621502255,0.023071879952899194,0.021202072621502255
oracle_fixed_per_seed,family,1,frank,0.25,clayton,0.25,0.0,1.1355932203389831,21.576271186440678,0.5009,0.07923602526946576,0.10488974368315035,0.09319104507025104,0.025653718413684592,0.013955019800785284,0.025653718413684592,0.013955019800785284
oracle_fixed_per_seed,family,1,frank,0.5,clayton,0.5,0.0,1.1355932203389831,21.576271186440678,0.5025999999999999,0.07923602526946576,0.1078934224749481,0.08973898683249447,0.02865739720548234,0.010502961563028712,0.02865739720548234,0.010502961563028712
oracle_fixed_per_seed,dep_frank,1,frank,0.5,frank,0.0,0.5,1.1355932203389831,21.576271186440678,0.5025999999999999,0.07923602526946576,0.1078934224749481,0.10217232784801161,0.02865739720548234,0.022936302578545856,0.02865739720548234,0.022936302578545856
oracle_fixed_per_seed,dep_frank,1,frank,0.5,frank,0.25,0.25,1.1355932203389831,21.576271186440678,0.5025999999999999,0.07923602526946576,0.1078934224749481,0.09940077934831411,0.02865739720548234,0.02016475407884835,0.02865739720548234,0.02016475407884835
oracle_fixed_per_seed,dep_frank,1,frank,0.5,frank,0.5,0.0,1.1355932203389831,21.576271186440678,0.5025999999999999,0.07923602526946576,0.1078934224749481,0.0972508284362537,0.02865739720548234,0.01801480316678794,0.02865739720548234,0.01801480316678794
oracle_fixed_per_seed,dep_frank,1,frank,0.5,frank,0.8,0.30000000000000004,1.1355932203389831,21.576271186440678,0.5025999999999999,0.07923602526946576,0.1078934224749481,0.09383531833699785,0.02865739720548234,0.01459929306753209,0.02865739720548234,0.01459929306753209
oracle_fixed_per_seed,family,1,frank,0.8,clayton,0.8,0.0,1.1355932203389831,21.576271186440678,0.4878,0.07923602526946576,0.1139470582543816,0.08825094739278862,0.034711032984915846,0.00901492212332286,0.034711032984915846,0.00901492212332286
oracle_fixed_per_seed,gaussian,1,gaussian,0.0,clayton,0.0,0.0,1.1355932203389831,21.576271186440678,0.5018,0.07923602526946576,0.09635524036588579,0.1010451212547502,0.017119215096420032,0.021809095985284438,0.017119215096420032,0.021809095985284438
oracle_fixed_per_seed,gaussian,1,gaussian,0.0,frank,0.0,0.0,1.1355932203389831,21.576271186440678,0.5018,0.07923602526946576,0.09635524036588579,0.1010451254834494,0.017119215096420032,0.021809100213983648,0.017119215096420032,0.021809100213983648
oracle_fixed_per_seed,gaussian,1,gaussian,0.25,clayton,0.25,0.0,1.1355932203389831,21.576271186440678,0.5045,0.07923602526946576,0.09662760732256898,0.09317627369311766,0.01739158205310322,0.013940248423651908,0.01739158205310322,0.013940248423651908
oracle_fixed_per_seed,gaussian,1,gaussian,0.25,frank,0.25,0.0,1.1355932203389831,21.576271186440678,0.5045,0.07923602526946576,0.09662760732256898,0.09930625773025402,0.01739158205310322,0.020070232460788262,0.01739158205310322,0.020070232460788262
oracle_fixed_per_seed,gaussian,1,gaussian,0.5,clayton,0.5,0.0,1.1355932203389831,21.576271186440678,0.5055000000000001,0.07923602526946576,0.11840005395819617,0.09119030673241207,0.03916402868873041,0.011954281462946317,0.03916402868873041,0.011954281462946317
oracle_fixed_per_seed,gaussian,1,gaussian,0.5,frank,0.5,0.0,1.1355932203389831,21.576271186440678,0.5055000000000001,0.07923602526946576,0.11840005395819617,0.10056062690450816,0.03916402868873041,0.021324601635042406,0.03916402868873041,0.021324601635042406
oracle_fixed_per_seed,gaussian,1,gaussian,0.8,clayton,0.8,0.0,1.1355932203389831,21.576271186440678,0.47909999999999997,0.07923602526946576,0.11787323323067202,0.09226019261385468,0.03863720796120626,0.013024167344388923,0.03863720796120626,0.013024167344388923
oracle_fixed_per_seed,gaussian,1,gaussian,0.8,frank,0.8,0.0,1.1355932203389831,21.576271186440678,0.47909999999999997,0.07923602526946576,0.11787323323067202,0.09933430622571576,0.03863720796120626,0.020098280956250006,0.03863720796120626,0.020098280956250006
oracle_fixed_per_seed,family,2,clayton,0.0,frank,0.0,0.0,0.5254237288135594,9.983050847457628,0.5163,0.07383382475577097,0.09698852319970006,0.10493488708592823,0.02315469844392909,0.03110106233015726,0.02315469844392909,0.03110106233015726
oracle_fixed_per_seed,family,2,clayton,0.25,frank,0.25,0.0,0.5254237288135594,9.983050847457628,0.5205,0.07383382475577097,0.14808305257442742,0.09761604820767857,0.07424922781865645,0.0237822234519076,0.07424922781865645,0.0237822234519076
oracle_fixed_per_seed,family,2,clayton,0.5,frank,0.5,0.0,0.5254237288135594,9.983050847457628,0.5217,0.07383382475577097,0.12320397552661647,0.09894683927242127,0.0493701507708455,0.02511301451665031,0.0493701507708455,0.02511301451665031
oracle_fixed_per_seed,dep_clayton,2,clayton,0.5,clayton,0.0,0.5,0.5254237288135594,9.983050847457628,0.5217,0.07383382475577097,0.12320397552661647,0.10503250207847474,0.0493701507708455,0.031198677322703774,0.0493701507708455,0.031198677322703774
oracle_fixed_per_seed,dep_clayton,2,clayton,0.5,clayton,0.25,0.25,0.5254237288135594,9.983050847457628,0.5217,0.07383382475577097,0.12320397552661647,0.09212639932084071,0.0493701507708455,0.018292574565069747,0.0493701507708455,0.018292574565069747
oracle_fixed_per_seed,dep_clayton,2,clayton,0.5,clayton,0.5,0.0,0.5254237288135594,9.983050847457628,0.5217,0.07383382475577097,0.12320397552661647,0.08815423038145699,0.0493701507708455,0.014320405625686025,0.0493701507708455,0.014320405625686025
oracle_fixed_per_seed,dep_clayton,2,clayton,0.5,clayton,0.8,0.30000000000000004,0.5254237288135594,9.983050847457628,0.5217,0.07383382475577097,0.12320397552661647,0.08620308397894748,0.0493701507708455,0.012369259223176512,0.0493701507708455,0.012369259223176512
oracle_fixed_per_seed,family,2,clayton,0.8,frank,0.8,0.0,0.5254237288135594,9.983050847457628,0.5226999999999999,0.07383382475577097,0.13327066052525294,0.0924775410380894,0.05943683576948197,0.018643716282318437,0.05943683576948197,0.018643716282318437
oracle_fixed_per_seed,family,2,frank,0.0,clayton,0.0,0.0,0.5254237288135594,9.983050847457628,0.5183,0.07383382475577097,0.09853348737015705,0.10293402415636116,0.02469966261438608,0.029100199400590193,0.02469966261438608,0.029100199400590193
oracle_fixed_per_seed,family,2,frank,0.25,clayton,0.25,0.0,0.5254237288135594,9.983050847457628,0.5175000000000001,0.07383382475577097,0.10069227170932772,0.09811876333213852,0.026858446953556755,0.024284938576367557,0.026858446953556755,0.024284938576367557
oracle_fixed_per_seed,family,2,frank,0.5,clayton,0.5,0.0,0.5254237288135594,9.983050847457628,0.514,0.07383382475577097,0.13630876901795536,0.08928221846688103,0.06247494426218439,0.015448393711110064,0.06247494426218439,0.015448393711110064
oracle_fixed_per_seed,dep_frank,2,frank,0.5,frank,0.0,0.5,0.5254237288135594,9.983050847457628,0.514,0.07383382475577097,0.13630876901795536,0.10282217123859382,0.06247494426218439,0.02898834648282285,0.06247494426218439,0.02898834648282285
oracle_fixed_per_seed,dep_frank,2,frank,0.5,frank,0.25,0.25,0.5254237288135594,9.983050847457628,0.514,0.07383382475577097,0.13630876901795536,0.09984822945711311,0.06247494426218439,0.026014404701342142,0.06247494426218439,0.026014404701342142
oracle_fixed_per_seed,dep_frank,2,frank,0.5,frank,0.5,0.0,0.5254237288135594,9.983050847457628,0.514,0.07383382475577097,0.13630876901795536,0.09733421811868632,0.06247494426218439,0.02350039336291536,0.06247494426218439,0.02350039336291536
oracle_fixed_per_seed,dep_frank,2,frank,0.5,frank,0.8,0.30000000000000004,0.5254237288135594,9.983050847457628,0.514,0.07383382475577097,0.13630876901795536,0.09417440422612308,0.06247494426218439,0.020340579470352116,0.06247494426218439,0.020340579470352116
oracle_fixed_per_seed,family,2,frank,0.8,clayton,0.8,0.0,0.5254237288135594,9.983050847457628,0.502,0.07383382475577097,0.10555580653036377,0.08955742760383481,0.0317219817745928,0.015723602848063845,0.0317219817745928,0.015723602848063845
oracle_fixed_per_seed,gaussian,2,gaussian,0.0,clayton,0.0,0.0,0.5254237288135594,9.983050847457628,0.516,0.07383382475577097,0.08827885378737642,0.09774022226544704,0.014445029031605452,0.023906397509676075,0.014445029031605452,0.023906397509676075
oracle_fixed_per_seed,gaussian,2,gaussian,0.0,frank,0.0,0.0,0.5254237288135594,9.983050847457628,0.516,0.07383382475577097,0.08827885378737642,0.0977402616383702,0.014445029031605452,0.023906436882599233,0.014445029031605452,0.023906436882599233
oracle_fixed_per_seed,gaussian,2,gaussian,0.25,clayton,0.25,0.0,0.5254237288135594,9.983050847457628,0.5135000000000001,0.07383382475577097,0.0947869014942761,0.09061140151792335,0.020953076738505133,0.016777576762152385,0.020953076738505133,0.016777576762152385
oracle_fixed_per_seed,gaussian,2,gaussian,0.25,frank,0.25,0.0,0.5254237288135594,9.983050847457628,0.5135000000000001,0.07383382475577097,0.0947869014942761,0.0963825310325872,0.020953076738505133,0.02254870627681624,0.020953076738505133,0.02254870627681624
oracle_fixed_per_seed,gaussian,2,gaussian,0.5,clayton,0.5,0.0,0.5254237288135594,9.983050847457628,0.5156000000000001,0.07383382475577097,0.11242366815654017,0.08786749205982977,0.03858984340076921,0.014033667304058806,0.03858984340076921,0.014033667304058806
oracle_fixed_per_seed,gaussian,2,gaussian,0.5,frank,0.5,0.0,0.5254237288135594,9.983050847457628,0.5156000000000001,0.07383382475577097,0.11242366815654017,0.09546583867778757,0.03858984340076921,0.021632013922016607,0.03858984340076921,0.021632013922016607
oracle_fixed_per_seed,gaussian,2,gaussian,0.8,clayton,0.8,0.0,0.5254237288135594,9.983050847457628,0.4978,0.07383382475577097,0.13733878208739267,0.08391183724331724,0.0635049573316217,0.010078012487546278,0.0635049573316217,0.010078012487546278
oracle_fixed_per_seed,gaussian,2,gaussian,0.8,frank,0.8,0.0,0.5254237288135594,9.983050847457628,0.4978,0.07383382475577097,0.13733878208739267,0.09098301241896771,0.0635049573316217,0.017149187663196744,0.0635049573316217,0.017149187663196744
oracle_fixed_per_seed,family,3,clayton,0.0,frank,0.0,0.0,0.652542372881356,12.398305084745763,0.4821,0.06748319765021946,0.09133215160298883,0.1000921017684685,0.02384895395276937,0.032608904118249044,0.02384895395276937,0.032608904118249044
oracle_fixed_per_seed,family,3,clayton,0.25,frank,0.25,0.0,0.652542372881356,12.398305084745763,0.48160000000000003,0.06748319765021946,0.10453787328570945,0.09574945506171936,0.03705467563548999,0.028266257411499907,0.03705467563548999,0.028266257411499907
oracle_fixed_per_seed,family,3,clayton,0.5,frank,0.5,0.0,0.652542372881356,12.398305084745763,0.4839,0.06748319765021946,0.10350490653637058,0.09670266380477464,0.036021708886151124,0.029219466154555188,0.036021708886151124,0.029219466154555188
oracle_fixed_per_seed,dep_clayton,3,clayton,0.5,clayton,0.0,0.5,0.652542372881356,12.398305084745763,0.4839,0.06748319765021946,0.10350490653637058,0.10207695024380917,0.036021708886151124,0.03459375259358971,0.036021708886151124,0.03459375259358971
oracle_fixed_per_seed,dep_clayton,3,clayton,0.5,clayton,0.25,0.25,0.652542372881356,12.398305084745763,0.4839,0.06748319765021946,0.10350490653637058,0.09095333985162789,0.036021708886151124,0.02347014220140843,0.036021708886151124,0.02347014220140843
oracle_fixed_per_seed,dep_clayton,3,clayton,0.5,clayton,0.5,0.0,0.652542372881356,12.398305084745763,0.4839,0.06748319765021946,0.10350490653637058,0.08838807080654705,0.036021708886151124,0.020904873156327594,0.036021708886151124,0.020904873156327594
oracle_fixed_per_seed,dep_clayton,3,clayton,0.5,clayton,0.8,0.30000000000000004,0.652542372881356,12.398305084745763,0.4839,0.06748319765021946,0.10350490653637058,0.08702781417168262,0.036021708886151124,0.019544616521463165,0.036021708886151124,0.019544616521463165
oracle_fixed_per_seed,family,3,clayton,0.8,frank,0.8,0.0,0.652542372881356,12.398305084745763,0.47,0.06748319765021946,0.10519060827216807,0.09098452301231641,0.037707410621948614,0.023501325362096953,0.037707410621948614,0.023501325362096953
oracle_fixed_per_seed,family,3,frank,0.0,clayton,0.0,0.0,0.6271186440677966,11.915254237288135,0.5134000000000001,0.06748319765021946,0.0961305984784606,0.10087001172833969,0.028647400828241146,0.03338681407812023,0.028647400828241146,0.03338681407812023
oracle_fixed_per_seed,family,3,frank,0.25,clayton,0.25,0.0,0.652542372881356,12.398305084745763,0.48,0.06748319765021946,0.0938544381763099,0.09023116481314197,0.02637124052609044,0.022747967162922517,0.02637124052609044,0.022747967162922517
oracle_fixed_per_seed,family,3,frank,0.5,clayton,0.5,0.0,0.6271186440677966,11.915254237288135,0.5225,0.06748319765021946,0.10138102827399834,0.08962172956819846,0.03389783062377888,0.022138531917979,0.03389783062377888,0.022138531917979
oracle_fixed_per_seed,dep_frank,3,frank,0.5,frank,0.0,0.5,0.6271186440677966,11.915254237288135,0.5225,0.06748319765021946,0.10138102827399834,0.09910214318341401,0.03389783062377888,0.031618945533194553,0.03389783062377888,0.031618945533194553
oracle_fixed_per_seed,dep_frank,3,frank,0.5,frank,0.25,0.25,0.6271186440677966,11.915254237288135,0.5225,0.06748319765021946,0.10138102827399834,0.09673860803636616,0.03389783062377888,0.029255410386146707,0.03389783062377888,0.029255410386146707
oracle_fixed_per_seed,dep_frank,3,frank,0.5,frank,0.5,0.0,0.6271186440677966,11.915254237288135,0.5225,0.06748319765021946,0.10138102827399834,0.0947470870740186,0.03389783062377888,0.027263889423799148,0.03389783062377888,0.027263889423799148
oracle_fixed_per_seed,dep_frank,3,frank,0.5,frank,0.8,0.30000000000000004,0.6271186440677966,11.915254237288135,0.5225,0.06748319765021946,0.10138102827399834,0.09234021691001473,0.03389783062377888,0.024857019259795277,0.03389783062377888,0.024857019259795277
oracle_fixed_per_seed,family,3,frank,0.8,clayton,0.8,0.0,0.6271186440677966,11.915254237288135,0.5243,0.06748319765021946,0.09834220026669369,0.08467409334630506,0.03085900261647423,0.017190895696085604,0.03085900261647423,0.017190895696085604
oracle_fixed_per_seed,gaussian,3,gaussian,0.0,clayton,0.0,0.0,0.652542372881356,12.398305084745763,0.4841,0.06748319765021946,0.0919352774035508,0.09729175108360033,0.024452079753331343,0.029808553433380874,0.024452079753331343,0.029808553433380874
oracle_fixed_per_seed,gaussian,3,gaussian,0.0,frank,0.0,0.0,0.652542372881356,12.398305084745763,0.4841,0.06748319765021946,0.0919352774035508,0.09729172952046952,0.024452079753331343,0.029808531870250066,0.024452079753331343,0.029808531870250066
oracle_fixed_per_seed,gaussian,3,gaussian,0.25,clayton,0.25,0.0,0.6271186440677966,11.915254237288135,0.5227999999999999,0.06748319765021946,0.09419055955610026,0.09642754152358399,0.0267073619058808,0.02894434387336453,0.0267073619058808,0.02894434387336453
oracle_fixed_per_seed,gaussian,3,gaussian,0.25,frank,0.25,0.0,0.6271186440677966,11.915254237288135,0.5227999999999999,0.06748319765021946,0.09419055955610026,0.10064614754652831,0.0267073619058808,0.03316294989630886,0.0267073619058808,0.03316294989630886
oracle_fixed_per_seed,gaussian,3,gaussian,0.5,clayton,0.5,0.0,0.6271186440677966,11.915254237288135,0.5258,0.06748319765021946,0.10412743564844198,0.08872309174028198,0.03664423799822253,0.021239894090062522,0.03664423799822253,0.021239894090062522
oracle_fixed_per_seed,gaussian,3,gaussian,0.5,frank,0.5,0.0,0.6271186440677966,11.915254237288135,0.5258,0.06748319765021946,0.10412743564844198,0.09541091492020719,0.03664423799822253,0.02792771726998773,0.03664423799822253,0.02792771726998773
oracle_fixed_per_seed,gaussian,3,gaussian,0.8,clayton,0.8,0.0,0.6271186440677966,11.915254237288135,0.5169,0.06748319765021946,0.10844212825204219,0.08441196170308393,0.040958930601822735,0.016928764052864476,0.040958930601822735,0.016928764052864476
oracle_fixed_per_seed,gaussian,3,gaussian,0.8,frank,0.8,0.0,0.6271186440677966,11.915254237288135,0.5169,0.06748319765021946,0.10844212825204219,0.09061241262014492,0.040958930601822735,0.02312921496992547,0.040958930601822735,0.02312921496992547
oracle_fixed_per_seed,family,4,clayton,0.0,frank,0.0,0.0,0.6779661016949152,12.88135593220339,0.5156000000000001,0.07331623783298681,0.08910748055920238,0.1005302491817828,0.01579124272621557,0.02721401134879599,0.01579124272621557,0.02721401134879599
oracle_fixed_per_seed,family,4,clayton,0.25,frank,0.25,0.0,0.6779661016949152,12.88135593220339,0.5219,0.07331623783298681,0.09581687797004516,0.09746638091987728,0.022500640137058353,0.024150143086890466,0.022500640137058353,0.024150143086890466
oracle_fixed_per_seed,family,4,clayton,0.5,frank,0.5,0.0,0.7033898305084746,13.364406779661017,0.47440000000000004,0.07331623783298681,0.10458563018929151,0.0996444181448029,0.0312693923563047,0.026328180311816093,0.0312693923563047,0.026328180311816093
oracle_fixed_per_seed,dep_clayton,4,clayton,0.5,clayton,0.0,0.5,0.7033898305084746,13.364406779661017,0.47440000000000004,0.07331623783298681,0.10458563018929151,0.10555684913177145,0.0312693923563047,0.03224061129878464,0.0312693923563047,0.03224061129878464
oracle_fixed_per_seed,dep_clayton,4,clayton,0.5,clayton,0.25,0.25,0.7033898305084746,13.364406779661017,0.47440000000000004,0.07331623783298681,0.10458563018929151,0.09571687709743955,0.0312693923563047,0.022400639264452737,0.0312693923563047,0.022400639264452737
oracle_fixed_per_seed,dep_clayton,4,clayton,0.5,clayton,0.5,0.0,0.7033898305084746,13.364406779661017,0.47440000000000004,0.07331623783298681,0.10458563018929151,0.09302251939685467,0.0312693923563047,0.01970628156386786,0.0312693923563047,0.01970628156386786
oracle_fixed_per_seed,dep_clayton,4,clayton,0.5,clayton,0.8,0.30000000000000004,0.7033898305084746,13.364406779661017,0.47440000000000004,0.07331623783298681,0.10458563018929151,0.0916406954192539,0.0312693923563047,0.018324457586267093,0.0312693923563047,0.018324457586267093
oracle_fixed_per_seed,family,4,clayton,0.8,frank,0.8,0.0,0.6779661016949152,12.88135593220339,0.5217,0.07331623783298681,0.10062567577361817,0.09527178238533884,0.027309437940631356,0.021955544552352033,0.027309437940631356,0.021955544552352033
oracle_fixed_per_seed,family,4,frank,0.0,clayton,0.0,0.0,0.6779661016949152,12.88135593220339,0.5167999999999999,0.07331623783298681,0.088641895922854,0.093889725063052,0.015325658089867189,0.02057348723006519,0.015325658089867189,0.02057348723006519
oracle_fixed_per_seed,family,4,frank,0.25,clayton,0.25,0.0,0.6779661016949152,12.88135593220339,0.5085,0.07331623783298681,0.09706046503046496,0.0943488714628393,0.02374422719747815,0.021032633629852485,0.02374422719747815,0.021032633629852485
oracle_fixed_per_seed,family,4,frank,0.5,clayton,0.5,0.0,0.6779661016949152,12.88135593220339,0.5197,0.07331623783298681,0.0996460844667643,0.09275332074571091,0.026329846633777493,0.0194370829127241,0.026329846633777493,0.0194370829127241
oracle_fixed_per_seed,dep_frank,4,frank,0.5,frank,0.0,0.5,0.6779661016949152,12.88135593220339,0.5197,0.07331623783298681,0.0996460844667643,0.10393688627092386,0.026329846633777493,0.030620648437937048,0.026329846633777493,0.030620648437937048
oracle_fixed_per_seed,dep_frank,4,frank,0.5,frank,0.25,0.25,0.6779661016949152,12.88135593220339,0.5197,0.07331623783298681,0.0996460844667643,0.10118745073045746,0.026329846633777493,0.027871212897470646,0.026329846633777493,0.027871212897470646
oracle_fixed_per_seed,dep_frank,4,frank,0.5,frank,0.5,0.0,0.6779661016949152,12.88135593220339,0.5197,0.07331623783298681,0.0996460844667643,0.09863720889079153,0.026329846633777493,0.025320971057804717,0.026329846633777493,0.025320971057804717
oracle_fixed_per_seed,dep_frank,4,frank,0.5,frank,0.8,0.30000000000000004,0.6779661016949152,12.88135593220339,0.5197,0.07331623783298681,0.0996460844667643,0.09580924334574924,0.026329846633777493,0.022493005512762426,0.026329846633777493,0.022493005512762426
oracle_fixed_per_seed,family,4,frank,0.8,clayton,0.8,0.0,0.6779661016949152,12.88135593220339,0.5115000000000001,0.07331623783298681,0.1034028397570927,0.08876282836679295,0.030086601924105894,0.015446590533806134,0.030086601924105894,0.015446590533806134
oracle_fixed_per_seed,gaussian,4,gaussian,0.0,clayton,0.0,0.0,0.6779661016949152,12.88135593220339,0.5204,0.07331623783298681,0.097344027206869,0.0990612323440897,0.024027789373882183,0.02574499451110289,0.024027789373882183,0.02574499451110289
oracle_fixed_per_seed,gaussian,4,gaussian,0.0,frank,0.0,0.0,0.6779661016949152,12.88135593220339,0.5204,0.07331623783298681,0.097344027206869,0.09906122576450722,0.024027789373882183,0.025744987931520413,0.024027789373882183,0.025744987931520413
oracle_fixed_per_seed,gaussian,4,gaussian,0.25,clayton,0.25,0.0,0.6779661016949152,12.88135593220339,0.5133,0.07331623783298681,0.09891586046478068,0.09128655402952991,0.02559962263179387,0.0179703161965431,0.02559962263179387,0.0179703161965431
oracle_fixed_per_seed,gaussian,4,gaussian,0.25,frank,0.25,0.0,0.6779661016949152,12.88135593220339,0.5133,0.07331623783298681,0.09891586046478068,0.09768830934614135,0.02559962263179387,0.024372071513154542,0.02559962263179387,0.024372071513154542
oracle_fixed_per_seed,gaussian,4,gaussian,0.5,clayton,0.5,0.0,0.6779661016949152,12.88135593220339,0.5146999999999999,0.07331623783298681,0.10257146700250287,0.08954562158836088,0.02925522916951606,0.01622938375537407,0.02925522916951606,0.01622938375537407
oracle_fixed_per_seed,gaussian,4,gaussian,0.5,frank,0.5,0.0,0.6779661016949152,12.88135593220339,0.5146999999999999,0.07331623783298681,0.10257146700250287,0.09544214156653304,0.02925522916951606,0.022125903733546226,0.02925522916951606,0.022125903733546226
oracle_fixed_per_seed,gaussian,4,gaussian,0.8,clayton,0.8,0.0,0.6779661016949152,12.88135593220339,0.5066999999999999,0.07331623783298681,0.10005553683385915,0.08727570270251139,0.026739299000872338,0.013959464869524582,0.026739299000872338,0.013959464869524582
oracle_fixed_per_seed,gaussian,4,gaussian,0.8,frank,0.8,0.0,0.6779661016949152,12.88135593220339,0.5066999999999999,0.07331623783298681,0.10005553683385915,0.09387110831144165,0.026739299000872338,0.020554870478454834,0.026739299000872338,0.020554870478454834
oracle_fixed_per_seed,family,5,clayton,0.0,frank,0.0,0.0,0.728813559322034,13.847457627118645,0.4901,0.0681183817027314,0.10367430803687609,0.10016744538409482,0.035555926334144686,0.03204906368136341,0.035555926334144686,0.03204906368136341
oracle_fixed_per_seed,family,5,clayton,0.25,frank,0.25,0.0,0.728813559322034,13.847457627118645,0.4877,0.0681183817027314,0.09929167803581816,0.0940071360209977,0.031173296333086756,0.025888754318266288,0.031173296333086756,0.025888754318266288
oracle_fixed_per_seed,family,5,clayton,0.5,frank,0.5,0.0,0.728813559322034,13.847457627118645,0.4878,0.0681183817027314,0.10569268901428905,0.09421957340745685,0.03757430731155764,0.02610119170472544,0.03757430731155764,0.02610119170472544
oracle_fixed_per_seed,dep_clayton,5,clayton,0.5,clayton,0.0,0.5,0.728813559322034,13.847457627118645,0.4878,0.0681183817027314,0.10569268901428905,0.09864898563327547,0.03757430731155764,0.030530603930544062,0.03757430731155764,0.030530603930544062
oracle_fixed_per_seed,dep_clayton,5,clayton,0.5,clayton,0.25,0.25,0.728813559322034,13.847457627118645,0.4878,0.0681183817027314,0.10569268901428905,0.08965556038568956,0.03757430731155764,0.021537178682958152,0.03757430731155764,0.021537178682958152
oracle_fixed_per_seed,dep_clayton,5,clayton,0.5,clayton,0.5,0.0,0.728813559322034,13.847457627118645,0.4878,0.0681183817027314,0.10569268901428905,0.08699501993857632,0.03757430731155764,0.018876638235844914,0.03757430731155764,0.018876638235844914
oracle_fixed_per_seed,dep_clayton,5,clayton,0.5,clayton,0.8,0.30000000000000004,0.728813559322034,13.847457627118645,0.4878,0.0681183817027314,0.10569268901428905,0.08584507718938027,0.03757430731155764,0.01772669548664886,0.03757430731155764,0.01772669548664886
oracle_fixed_per_seed,family,5,clayton,0.8,frank,0.8,0.0,0.728813559322034,13.847457627118645,0.47409999999999997,0.0681183817027314,0.1060783484069666,0.08951581723156639,0.037959966704235196,0.021397435528834982,0.037959966704235196,0.021397435528834982
oracle_fixed_per_seed,family,5,frank,0.0,clayton,0.0,0.0,0.728813559322034,13.847457627118645,0.4837,0.0681183817027314,0.09139343426435147,0.09161834352411104,0.02327505256162006,0.02349996182137963,0.02327505256162006,0.02349996182137963
oracle_fixed_per_seed,family,5,frank,0.25,clayton,0.25,0.0,0.728813559322034,13.847457627118645,0.48119999999999996,0.0681183817027314,0.09543974586359179,0.09575085931925578,0.02732136416086038,0.027632477616524376,0.02732136416086038,0.027632477616524376
oracle_fixed_per_seed,family,5,frank,0.5,clayton,0.5,0.0,0.7033898305084746,13.364406779661017,0.5231,0.0681183817027314,0.09919329158891924,0.09128564121846233,0.03107490988618783,0.023167259515730926,0.03107490988618783,0.023167259515730926
oracle_fixed_per_seed,dep_frank,5,frank,0.5,frank,0.0,0.5,0.7033898305084746,13.364406779661017,0.5231,0.0681183817027314,0.09919329158891924,0.09995706605828082,0.03107490988618783,0.031838684355549415,0.03107490988618783,0.031838684355549415
oracle_fixed_per_seed,dep_frank,5,frank,0.5,frank,0.25,0.25,0.7033898305084746,13.364406779661017,0.5231,0.0681183817027314,0.09919329158891924,0.09726187800647375,0.03107490988618783,0.02914349630374234,0.03107490988618783,0.02914349630374234
oracle_fixed_per_seed,dep_frank,5,frank,0.5,frank,0.5,0.0,0.7033898305084746,13.364406779661017,0.5231,0.0681183817027314,0.09919329158891924,0.09541369815594467,0.03107490988618783,0.02729531645321326,0.03107490988618783,0.02729531645321326
oracle_fixed_per_seed,dep_frank,5,frank,0.5,frank,0.8,0.30000000000000004,0.7033898305084746,13.364406779661017,0.5231,0.0681183817027314,0.09919329158891924,0.09317446946236968,0.03107490988618783,0.025056087759638274,0.03107490988618783,0.025056087759638274
oracle_fixed_per_seed,family,5,frank,0.8,clayton,0.8,0.0,0.7033898305084746,13.364406779661017,0.5261,0.0681183817027314,0.1071364589429586,0.089056474721415,0.0390180772402272,0.020938093018683587,0.0390180772402272,0.020938093018683587
oracle_fixed_per_seed,gaussian,5,gaussian,0.0,clayton,0.0,0.0,0.728813559322034,13.847457627118645,0.48629999999999995,0.0681183817027314,0.09502627075211625,0.09846439956995702,0.026907889049384848,0.030346017867225614,0.026907889049384848,0.030346017867225614
oracle_fixed_per_seed,gaussian,5,gaussian,0.0,frank,0.0,0.0,0.728813559322034,13.847457627118645,0.48629999999999995,0.0681183817027314,0.09502627075211625,0.09846437888525773,0.026907889049384848,0.030345997182526327,0.026907889049384848,0.030345997182526327
oracle_fixed_per_seed,gaussian,5,gaussian,0.25,clayton,0.25,0.0,0.7033898305084746,13.364406779661017,0.5186,0.0681183817027314,0.09291918916136901,0.08637184287259178,0.024800807458637608,0.018253461169860374,0.024800807458637608,0.018253461169860374
oracle_fixed_per_seed,gaussian,5,gaussian,0.25,frank,0.25,0.0,0.7033898305084746,13.364406779661017,0.5186,0.0681183817027314,0.09291918916136901,0.09074566038703015,0.024800807458637608,0.022627278684298743,0.024800807458637608,0.022627278684298743
oracle_fixed_per_seed,gaussian,5,gaussian,0.5,clayton,0.5,0.0,0.7033898305084746,13.364406779661017,0.5205,0.0681183817027314,0.10392130058116632,0.08992458238217788,0.03580291887843491,0.02180620067944647,0.03580291887843491,0.02180620067944647
oracle_fixed_per_seed,gaussian,5,gaussian,0.5,frank,0.5,0.0,0.7033898305084746,13.364406779661017,0.5205,0.0681183817027314,0.10392130058116632,0.09498428632843178,0.03580291887843491,0.026865904625700376,0.03580291887843491,0.026865904625700376
oracle_fixed_per_seed,gaussian,5,gaussian,0.8,clayton,0.8,0.0,0.7033898305084746,13.364406779661017,0.5202,0.0681183817027314,0.10300045885975943,0.08384721506072303,0.03488207715702803,0.01572883335799162,0.03488207715702803,0.01572883335799162
oracle_fixed_per_seed,gaussian,5,gaussian,0.8,frank,0.8,0.0,0.7033898305084746,13.364406779661017,0.5202,0.0681183817027314,0.10300045885975943,0.08993869642351943,0.03488207715702803,0.02182031472078802,0.03488207715702803,0.02182031472078802
oracle_fixed_per_seed,family,6,clayton,0.0,frank,0.0,0.0,1.1101694915254239,21.093220338983052,0.4918,0.06505193415686307,0.09417650543258492,0.09500421914079474,0.02912457127572185,0.029952284983931668,0.02912457127572185,0.029952284983931668
oracle_fixed_per_seed,family,6,clayton,0.25,frank,0.25,0.0,1.1101694915254239,21.093220338983052,0.512,0.06505193415686307,0.1525197938727969,0.09415199135739136,0.08746785971593384,0.029100057200528287,0.08746785971593384,0.029100057200528287
oracle_fixed_per_seed,family,6,clayton,0.5,frank,0.5,0.0,1.1101694915254239,21.093220338983052,0.509,0.06505193415686307,0.12353292783471427,0.09447818168189527,0.0584809936778512,0.0294262475250322,0.0584809936778512,0.0294262475250322
oracle_fixed_per_seed,dep_clayton,6,clayton,0.5,clayton,0.0,0.5,1.1101694915254239,21.093220338983052,0.509,0.06505193415686307,0.12353292783471427,0.09998722395000871,0.0584809936778512,0.03493528979314564,0.0584809936778512,0.03493528979314564
oracle_fixed_per_seed,dep_clayton,6,clayton,0.5,clayton,0.25,0.25,1.1101694915254239,21.093220338983052,0.509,0.06505193415686307,0.12353292783471427,0.08954082040219319,0.0584809936778512,0.02448888624533012,0.0584809936778512,0.02448888624533012
oracle_fixed_per_seed,dep_clayton,6,clayton,0.5,clayton,0.5,0.0,1.1101694915254239,21.093220338983052,0.509,0.06505193415686307,0.12353292783471427,0.0865436026036697,0.0584809936778512,0.021491668446806625,0.0584809936778512,0.021491668446806625
oracle_fixed_per_seed,dep_clayton,6,clayton,0.5,clayton,0.8,0.30000000000000004,1.1101694915254239,21.093220338983052,0.509,0.06505193415686307,0.12353292783471427,0.08528822034076397,0.0584809936778512,0.0202362861839009,0.0584809936778512,0.0202362861839009
oracle_fixed_per_seed,family,6,clayton,0.8,frank,0.8,0.0,1.1101694915254239,21.093220338983052,0.5039,0.06505193415686307,0.11740554510673488,0.0889327611189638,0.052353610949871815,0.023880826962100726,0.052353610949871815,0.023880826962100726
oracle_fixed_per_seed,family,6,frank,0.0,clayton,0.0,0.0,1.1101694915254239,21.093220338983052,0.49739999999999995,0.06505193415686307,0.09548797071191364,0.09671086003756096,0.030436036555050575,0.031658925880697894,0.030436036555050575,0.031658925880697894
oracle_fixed_per_seed,family,6,frank,0.25,clayton,0.25,0.0,1.1101694915254239,21.093220338983052,0.5032,0.06505193415686307,0.09073056553620625,0.08599892773451265,0.025678631379343175,0.020946993577649578,0.025678631379343175,0.020946993577649578
oracle_fixed_per_seed,family,6,frank,0.5,clayton,0.5,0.0,1.1101694915254239,21.093220338983052,0.49760000000000004,0.06505193415686307,0.11104898496026382,0.09108441906564187,0.045997050803400746,0.026032484908778797,0.045997050803400746,0.026032484908778797
oracle_fixed_per_seed,dep_frank,6,frank,0.5,frank,0.0,0.5,1.1101694915254239,21.093220338983052,0.49760000000000004,0.06505193415686307,0.11104898496026382,0.10093926501776293,0.045997050803400746,0.03588733086089986,0.045997050803400746,0.03588733086089986
oracle_fixed_per_seed,dep_frank,6,frank,0.5,frank,0.25,0.25,1.1101694915254239,21.093220338983052,0.49760000000000004,0.06505193415686307,0.11104898496026382,0.09856627698751941,0.045997050803400746,0.03351434283065634,0.045997050803400746,0.03351434283065634
oracle_fixed_per_seed,dep_frank,6,frank,0.5,frank,0.5,0.0,1.1101694915254239,21.093220338983052,0.49760000000000004,0.06505193415686307,0.11104898496026382,0.09633998389264743,0.045997050803400746,0.03128804973578436,0.045997050803400746,0.03128804973578436
oracle_fixed_per_seed,dep_frank,6,frank,0.5,frank,0.8,0.30000000000000004,1.1101694915254239,21.093220338983052,0.49760000000000004,0.06505193415686307,0.11104898496026382,0.0938049840183966,0.045997050803400746,0.028753049861533528,0.045997050803400746,0.028753049861533528
oracle_fixed_per_seed,family,6,frank,0.8,clayton,0.8,0.0,1.1101694915254239,21.093220338983052,0.48650000000000004,0.06505193415686307,0.10262698846001408,0.08245920065147767,0.037575054303151015,0.017407266494614604,0.037575054303151015,0.017407266494614604
oracle_fixed_per_seed,gaussian,6,gaussian,0.0,clayton,0.0,0.0,1.1101694915254239,21.093220338983052,0.495,0.06505193415686307,0.09339252764427457,0.0913541999677613,0.028340593487411497,0.02630226581089823,0.028340593487411497,0.02630226581089823
oracle_fixed_per_seed,gaussian,6,gaussian,0.0,frank,0.0,0.0,1.1101694915254239,21.093220338983052,0.495,0.06505193415686307,0.09339252764427457,0.09135421157103372,0.028340593487411497,0.026302277414170655,0.028340593487411497,0.026302277414170655
oracle_fixed_per_seed,gaussian,6,gaussian,0.25,clayton,0.25,0.0,1.1101694915254239,21.093220338983052,0.49629999999999996,0.06505193415686307,0.10149510232444424,0.08321002352684781,0.03644316816758117,0.01815808936998474,0.03644316816758117,0.01815808936998474
oracle_fixed_per_seed,gaussian,6,gaussian,0.25,frank,0.25,0.0,1.1101694915254239,21.093220338983052,0.49629999999999996,0.06505193415686307,0.10149510232444424,0.08746093262348091,0.03644316816758117,0.02240899846661784,0.03644316816758117,0.02240899846661784
oracle_fixed_per_seed,gaussian,6,gaussian,0.5,clayton,0.5,0.0,1.1101694915254239,21.093220338983052,0.49260000000000004,0.06505193415686307,0.10582286369865788,0.08796406916442366,0.040770929541794815,0.02291213500756059,0.040770929541794815,0.02291213500756059
oracle_fixed_per_seed,gaussian,6,gaussian,0.5,frank,0.5,0.0,1.1101694915254239,21.093220338983052,0.49260000000000004,0.06505193415686307,0.10582286369865788,0.09629395402959555,0.040770929541794815,0.03124201987273248,0.040770929541794815,0.03124201987273248
oracle_fixed_per_seed,gaussian,6,gaussian,0.8,clayton,0.8,0.0,1.0847457627118644,20.610169491525422,0.5147999999999999,0.06505193415686307,0.18549123655426195,0.08099941197228712,0.12043930239739888,0.01594747781542405,0.12043930239739888,0.01594747781542405
oracle_fixed_per_seed,gaussian,6,gaussian,0.8,frank,0.8,0.0,1.0847457627118644,20.610169491525422,0.5147999999999999,0.06505193415686307,0.18549123655426195,0.08749509508061179,0.12043930239739888,0.02244316092374872,0.12043930239739888,0.02244316092374872
oracle_fixed_per_seed,family,7,clayton,0.0,frank,0.0,0.0,0.7542372881355932,14.330508474576272,0.48529999999999995,0.06914885733811245,0.09923691647744581,0.10325581307693948,0.030088059139333365,0.034106955738827036,0.030088059139333365,0.034106955738827036
oracle_fixed_per_seed,family,7,clayton,0.25,frank,0.25,0.0,0.7542372881355932,14.330508474576272,0.49050000000000005,0.06914885733811245,0.11080742473685098,0.10444754240482675,0.041658567398738536,0.0352986850667143,0.041658567398738536,0.0352986850667143
oracle_fixed_per_seed,family,7,clayton,0.5,frank,0.5,0.0,0.7542372881355932,14.330508474576272,0.4878,0.06914885733811245,0.11486503086478764,0.10519517176104409,0.04571617352667519,0.036046314422931644,0.04571617352667519,0.036046314422931644
oracle_fixed_per_seed,dep_clayton,7,clayton,0.5,clayton,0.0,0.5,0.7542372881355932,14.330508474576272,0.4878,0.06914885733811245,0.11486503086478764,0.11021879051666432,0.04571617352667519,0.04106993317855187,0.04571617352667519,0.04106993317855187
oracle_fixed_per_seed,dep_clayton,7,clayton,0.5,clayton,0.25,0.25,0.7542372881355932,14.330508474576272,0.4878,0.06914885733811245,0.11486503086478764,0.10113640702568123,0.04571617352667519,0.031987549687568784,0.04571617352667519,0.031987549687568784
oracle_fixed_per_seed,dep_clayton,7,clayton,0.5,clayton,0.5,0.0,0.7542372881355932,14.330508474576272,0.4878,0.06914885733811245,0.11486503086478764,0.0979921390729678,0.04571617352667519,0.028843281734855356,0.04571617352667519,0.028843281734855356
oracle_fixed_per_seed,dep_clayton,7,clayton,0.5,clayton,0.8,0.30000000000000004,0.7542372881355932,14.330508474576272,0.4878,0.06914885733811245,0.11486503086478764,0.09657777271163583,0.04571617352667519,0.027428915373523377,0.04571617352667519,0.027428915373523377
oracle_fixed_per_seed,family,7,clayton,0.8,frank,0.8,0.0,0.7542372881355932,14.330508474576272,0.4678,0.06914885733811245,0.11883894553454041,0.10097925502788933,0.049690088196427964,0.031830397689776885,0.049690088196427964,0.031830397689776885
oracle_fixed_per_seed,family,7,frank,0.0,clayton,0.0,0.0,0.728813559322034,13.847457627118645,0.5155000000000001,0.06914885733811245,0.09612742067136165,0.10100856317581541,0.026978563333249203,0.031859705837702965,0.026978563333249203,0.031859705837702965
oracle_fixed_per_seed,family,7,frank,0.25,clayton,0.25,0.0,0.7542372881355932,14.330508474576272,0.48660000000000003,0.06914885733811245,0.09149356092422403,0.09076140885458645,0.022344703586111583,0.021612551516473996,0.022344703586111583,0.021612551516473996
oracle_fixed_per_seed,family,7,frank,0.5,clayton,0.5,0.0,0.728813559322034,13.847457627118645,0.52,0.06914885733811245,0.09582922532194357,0.0924215581470358,0.026680367983831124,0.023272700808923352,0.026680367983831124,0.023272700808923352
oracle_fixed_per_seed,dep_frank,7,frank,0.5,frank,0.0,0.5,0.728813559322034,13.847457627118645,0.52,0.06914885733811245,0.09582922532194357,0.10311435595668678,0.026680367983831124,0.03396549861857433,0.026680367983831124,0.03396549861857433
oracle_fixed_per_seed,dep_frank,7,frank,0.5,frank,0.25,0.25,0.728813559322034,13.847457627118645,0.52,0.06914885733811245,0.09582922532194357,0.09999276730981099,0.026680367983831124,0.030843909971698544,0.026680367983831124,0.030843909971698544
oracle_fixed_per_seed,dep_frank,7,frank,0.5,frank,0.5,0.0,0.728813559322034,13.847457627118645,0.52,0.06914885733811245,0.09582922532194357,0.09780504142768238,0.026680367983831124,0.028656184089569936,0.026680367983831124,0.028656184089569936
oracle_fixed_per_seed,dep_frank,7,frank,0.5,frank,0.8,0.30000000000000004,0.728813559322034,13.847457627118645,0.52,0.06914885733811245,0.09582922532194357,0.09508164422104383,0.026680367983831124,0.02593278688293138,0.026680367983831124,0.02593278688293138
oracle_fixed_per_seed,family,7,frank,0.8,clayton,0.8,0.0,0.728813559322034,13.847457627118645,0.5213,0.06914885733811245,0.11324653265203521,0.09150512997052947,0.044097675313922766,0.022356272632417018,0.044097675313922766,0.022356272632417018
oracle_fixed_per_seed,gaussian,7,gaussian,0.0,clayton,0.0,0.0,0.7542372881355932,14.330508474576272,0.4838,0.06914885733811245,0.10345187392948059,0.10367689060418245,0.03430301659136814,0.03452803326607,0.03430301659136814,0.03452803326607
oracle_fixed_per_seed,gaussian,7,gaussian,0.0,frank,0.0,0.0,0.7542372881355932,14.330508474576272,0.4838,0.06914885733811245,0.10345187392948059,0.10367689580699313,0.03430301659136814,0.03452803846888068,0.03430301659136814,0.03452803846888068
oracle_fixed_per_seed,gaussian,7,gaussian,0.25,clayton,0.25,0.0,0.7542372881355932,14.330508474576272,0.4848,0.06914885733811245,0.10194098583567432,0.09671471511935126,0.03279212849756187,0.02756585778123881,0.03279212849756187,0.02756585778123881
oracle_fixed_per_seed,gaussian,7,gaussian,0.25,frank,0.25,0.0,0.7542372881355932,14.330508474576272,0.4848,0.06914885733811245,0.10194098583567432,0.10291481949898926,0.03279212849756187,0.03376596216087681,0.03279212849756187,0.03376596216087681
oracle_fixed_per_seed,gaussian,7,gaussian,0.5,clayton,0.5,0.0,0.728813559322034,13.847457627118645,0.5234,0.06914885733811245,0.1090147909631022,0.09655016233543125,0.03986593362498975,0.0274013049973188,0.03986593362498975,0.0274013049973188
oracle_fixed_per_seed,gaussian,7,gaussian,0.5,frank,0.5,0.0,0.728813559322034,13.847457627118645,0.5234,0.06914885733811245,0.1090147909631022,0.10346461173398737,0.03986593362498975,0.03431575439587492,0.03986593362498975,0.03431575439587492
oracle_fixed_per_seed,gaussian,7,gaussian,0.8,clayton,0.8,0.0,0.728813559322034,13.847457627118645,0.5198,0.06914885733811245,0.11762299603983337,0.09406623819764888,0.04847413870172092,0.02491738085953643,0.04847413870172092,0.02491738085953643
oracle_fixed_per_seed,gaussian,7,gaussian,0.8,frank,0.8,0.0,0.728813559322034,13.847457627118645,0.5198,0.06914885733811245,0.11762299603983337,0.09917740388229891,0.04847413870172092,0.030028546544186463,0.04847413870172092,0.030028546544186463
oracle_fixed_per_seed,family,8,clayton,0.0,frank,0.0,0.0,1.1864406779661016,22.54237288135593,0.5012,0.07646033969466498,0.0915258104543809,0.09663223842114473,0.015065470759715913,0.020171898726479745,0.015065470759715913,0.020171898726479745
oracle_fixed_per_seed,family,8,clayton,0.25,frank,0.25,0.0,1.1864406779661016,22.54237288135593,0.5001,0.07646033969466498,0.10933103590258265,0.09960462671973475,0.032870696207917674,0.023144287025069765,0.032870696207917674,0.023144287025069765
oracle_fixed_per_seed,family,8,clayton,0.5,frank,0.5,0.0,1.1864406779661016,22.54237288135593,0.508,0.07646033969466498,0.12952012865429194,0.0989381544656546,0.05305978895962696,0.022477814770989618,0.05305978895962696,0.022477814770989618
oracle_fixed_per_seed,dep_clayton,8,clayton,0.5,clayton,0.0,0.5,1.1864406779661016,22.54237288135593,0.508,0.07646033969466498,0.12952012865429194,0.105040036115696,0.05305978895962696,0.028579696421031017,0.05305978895962696,0.028579696421031017
oracle_fixed_per_seed,dep_clayton,8,clayton,0.5,clayton,0.25,0.25,1.1864406779661016,22.54237288135593,0.508,0.07646033969466498,0.12952012865429194,0.093021992793566,0.05305978895962696,0.016561653098901022,0.05305978895962696,0.016561653098901022
oracle_fixed_per_seed,dep_clayton,8,clayton,0.5,clayton,0.5,0.0,1.1864406779661016,22.54237288135593,0.508,0.07646033969466498,0.12952012865429194,0.08982782722134562,0.05305978895962696,0.013367487526680641,0.05305978895962696,0.013367487526680641
oracle_fixed_per_seed,dep_clayton,8,clayton,0.5,clayton,0.8,0.30000000000000004,1.1864406779661016,22.54237288135593,0.508,0.07646033969466498,0.12952012865429194,0.08832698826924057,0.05305978895962696,0.011866648574575589,0.05305978895962696,0.011866648574575589
oracle_fixed_per_seed,family,8,clayton,0.8,frank,0.8,0.0,1.1864406779661016,22.54237288135593,0.49150000000000005,0.07646033969466498,0.13058101488543952,0.09342634853371186,0.05412067519077454,0.01696600883904688,0.05412067519077454,0.01696600883904688
oracle_fixed_per_seed,family,8,frank,0.0,clayton,0.0,0.0,1.1864406779661016,22.54237288135593,0.5005,0.07646033969466498,0.08740893714624845,0.10029211680632684,0.01094859745158347,0.02383177711166186,0.01094859745158347,0.02383177711166186
oracle_fixed_per_seed,family,8,frank,0.25,clayton,0.25,0.0,1.1864406779661016,22.54237288135593,0.4928,0.07646033969466498,0.09606568610246681,0.09212275015484914,0.01960534640780183,0.015662410460184156,0.01960534640780183,0.015662410460184156
oracle_fixed_per_seed,family,8,frank,0.5,clayton,0.5,0.0,1.1864406779661016,22.54237288135593,0.499,0.07646033969466498,0.10086342058726945,0.09052348700934401,0.02440308089260447,0.014063147314679031,0.02440308089260447,0.014063147314679031
oracle_fixed_per_seed,dep_frank,8,frank,0.5,frank,0.0,0.5,1.1864406779661016,22.54237288135593,0.499,0.07646033969466498,0.10086342058726945,0.1029654099305398,0.02440308089260447,0.026505070235874825,0.02440308089260447,0.026505070235874825
oracle_fixed_per_seed,dep_frank,8,frank,0.5,frank,0.25,0.25,1.1864406779661016,22.54237288135593,0.499,0.07646033969466498,0.10086342058726945,0.10022690302105736,0.02440308089260447,0.023766563326392376,0.02440308089260447,0.023766563326392376
oracle_fixed_per_seed,dep_frank,8,frank,0.5,frank,0.5,0.0,1.1864406779661016,22.54237288135593,0.499,0.07646033969466498,0.10086342058726945,0.09797298873081285,0.02440308089260447,0.02151264903614787,0.02440308089260447,0.02151264903614787
oracle_fixed_per_seed,dep_frank,8,frank,0.5,frank,0.8,0.30000000000000004,1.1864406779661016,22.54237288135593,0.499,0.07646033969466498,0.10086342058726945,0.09471468517313984,0.02440308089260447,0.018254345478474862,0.02440308089260447,0.018254345478474862
oracle_fixed_per_seed,family,8,frank,0.8,clayton,0.8,0.0,1.1610169491525424,22.059322033898304,0.5167999999999999,0.07646033969466498,0.11233576911721259,0.08697747947418526,0.03587542942254761,0.010517139779520276,0.03587542942254761,0.010517139779520276
oracle_fixed_per_seed,gaussian,8,gaussian,0.0,clayton,0.0,0.0,1.1864406779661016,22.54237288135593,0.49729999999999996,0.07646033969466498,0.15166544399105905,0.09251797895777619,0.07520510429639407,0.016057639263111212,0.07520510429639407,0.016057639263111212
oracle_fixed_per_seed,gaussian,8,gaussian,0.0,frank,0.0,0.0,1.1864406779661016,22.54237288135593,0.49729999999999996,0.07646033969466498,0.15166544399105905,0.09251796645747543,0.07520510429639407,0.016057626762810445,0.07520510429639407,0.016057626762810445
oracle_fixed_per_seed,gaussian,8,gaussian,0.25,clayton,0.25,0.0,1.1864406779661016,22.54237288135593,0.5021,0.07646033969466498,0.10341393497655034,0.09133876696401907,0.02695359528188536,0.014878427269354094,0.02695359528188536,0.014878427269354094
oracle_fixed_per_seed,gaussian,8,gaussian,0.25,frank,0.25,0.0,1.1864406779661016,22.54237288135593,0.5021,0.07646033969466498,0.10341393497655034,0.09757365949582313,0.02695359528188536,0.021113319801158145,0.02695359528188536,0.021113319801158145
oracle_fixed_per_seed,gaussian,8,gaussian,0.5,clayton,0.5,0.0,1.1864406779661016,22.54237288135593,0.4909,0.07646033969466498,0.11631167010704864,0.09142701685513123,0.03985133041238366,0.014966677160466249,0.03985133041238366,0.014966677160466249
oracle_fixed_per_seed,gaussian,8,gaussian,0.5,frank,0.5,0.0,1.1864406779661016,22.54237288135593,0.4909,0.07646033969466498,0.11631167010704864,0.10003238299477872,0.03985133041238366,0.02357204330011374,0.03985133041238366,0.02357204330011374
oracle_fixed_per_seed,gaussian,8,gaussian,0.8,clayton,0.8,0.0,1.1610169491525424,22.059322033898304,0.5117,0.07646033969466498,0.12240489587215254,0.08373066762377515,0.045944556177487564,0.007270327929110171,0.045944556177487564,0.007270327929110171
oracle_fixed_per_seed,gaussian,8,gaussian,0.8,frank,0.8,0.0,1.1610169491525424,22.059322033898304,0.5117,0.07646033969466498,0.12240489587215254,0.09115901686784754,0.045944556177487564,0.014698677173182559,0.045944556177487564,0.014698677173182559
oracle_fixed_per_seed,family,9,clayton,0.0,frank,0.0,0.0,1.1355932203389831,21.576271186440678,0.4888,0.07281660549451871,0.09820480786714202,0.10130151482151115,0.025388202372623306,0.028484909326992436,0.025388202372623306,0.028484909326992436
oracle_fixed_per_seed,family,9,clayton,0.25,frank,0.25,0.0,1.1355932203389831,21.576271186440678,0.4931,0.07281660549451871,0.10145773574815041,0.09469853107308847,0.0286411302536317,0.021881925578569758,0.0286411302536317,0.021881925578569758
oracle_fixed_per_seed,family,9,clayton,0.5,frank,0.5,0.0,1.1355932203389831,21.576271186440678,0.4959,0.07281660549451871,0.11776499256134035,0.09837236194952141,0.04494838706682164,0.0255557564550027,0.04494838706682164,0.0255557564550027
oracle_fixed_per_seed,dep_clayton,9,clayton,0.5,clayton,0.0,0.5,1.1355932203389831,21.576271186440678,0.4959,0.07281660549451871,0.11776499256134035,0.10320033689730326,0.04494838706682164,0.030383731402784553,0.04494838706682164,0.030383731402784553
oracle_fixed_per_seed,dep_clayton,9,clayton,0.5,clayton,0.25,0.25,1.1355932203389831,21.576271186440678,0.4959,0.07281660549451871,0.11776499256134035,0.09381409998542493,0.04494838706682164,0.020997494490906224,0.04494838706682164,0.020997494490906224
oracle_fixed_per_seed,dep_clayton,9,clayton,0.5,clayton,0.5,0.0,1.1355932203389831,21.576271186440678,0.4959,0.07281660549451871,0.11776499256134035,0.09059953489637468,0.04494838706682164,0.017782929401855968,0.04494838706682164,0.017782929401855968
oracle_fixed_per_seed,dep_clayton,9,clayton,0.5,clayton,0.8,0.30000000000000004,1.1355932203389831,21.576271186440678,0.4959,0.07281660549451871,0.11776499256134035,0.08921749492254462,0.04494838706682164,0.016400889428025908,0.04494838706682164,0.016400889428025908
oracle_fixed_per_seed,family,9,clayton,0.8,frank,0.8,0.0,1.1355932203389831,21.576271186440678,0.48319999999999996,0.07281660549451871,0.10195998304246084,0.0889812807417666,0.029143377547942134,0.016164675247247892,0.029143377547942134,0.016164675247247892
oracle_fixed_per_seed,family,9,frank,0.0,clayton,0.0,0.0,1.1355932203389831,21.576271186440678,0.49060000000000004,0.07281660549451871,0.08109694644573989,0.09322237132285506,0.008280340951221182,0.02040576582833635,0.008280340951221182,0.02040576582833635
oracle_fixed_per_seed,family,9,frank,0.25,clayton,0.25,0.0,1.1355932203389831,21.576271186440678,0.498,0.07281660549451871,0.10535415391944394,0.09357431853665468,0.03253754842492523,0.020757713042135972,0.03253754842492523,0.020757713042135972
oracle_fixed_per_seed,family,9,frank,0.5,clayton,0.5,0.0,1.1101694915254239,21.093220338983052,0.5157,0.07281660549451871,0.10156615039173242,0.09049578380852678,0.028749544897213708,0.017679178314008073,0.028749544897213708,0.017679178314008073
oracle_fixed_per_seed,dep_frank,9,frank,0.5,frank,0.0,0.5,1.1101694915254239,21.093220338983052,0.5157,0.07281660549451871,0.10156615039173242,0.10038219706156984,0.028749544897213708,0.02756559156705113,0.028749544897213708,0.02756559156705113
oracle_fixed_per_seed,dep_frank,9,frank,0.5,frank,0.25,0.25,1.1101694915254239,21.093220338983052,0.5157,0.07281660549451871,0.10156615039173242,0.09771333265051392,0.028749544897213708,0.02489672715599521,0.028749544897213708,0.02489672715599521
oracle_fixed_per_seed,dep_frank,9,frank,0.5,frank,0.5,0.0,1.1101694915254239,21.093220338983052,0.5157,0.07281660549451871,0.10156615039173242,0.09535297739056052,0.028749544897213708,0.02253637189604181,0.028749544897213708,0.02253637189604181
oracle_fixed_per_seed,dep_frank,9,frank,0.5,frank,0.8,0.30000000000000004,1.1101694915254239,21.093220338983052,0.5157,0.07281660549451871,0.10156615039173242,0.09271041628901992,0.028749544897213708,0.019893810794501213,0.028749544897213708,0.019893810794501213
oracle_fixed_per_seed,family,9,frank,0.8,clayton,0.8,0.0,1.1101694915254239,21.093220338983052,0.5133,0.07281660549451871,0.08814777118546233,0.07693067317292943,0.015331165690943616,0.0041140676784107155,0.015331165690943616,0.0041140676784107155
oracle_fixed_per_seed,gaussian,9,gaussian,0.0,clayton,0.0,0.0,1.1355932203389831,21.576271186440678,0.493,0.07281660549451871,0.09841792698411211,0.09822498275906102,0.025601321489593404,0.025408377264542314,0.025601321489593404,0.025408377264542314
oracle_fixed_per_seed,gaussian,9,gaussian,0.0,frank,0.0,0.0,1.1355932203389831,21.576271186440678,0.493,0.07281660549451871,0.09841792698411211,0.09822499726412887,0.025601321489593404,0.025408391769610156,0.025601321489593404,0.025408391769610156
oracle_fixed_per_seed,gaussian,9,gaussian,0.25,clayton,0.25,0.0,1.1355932203389831,21.576271186440678,0.48640000000000005,0.07281660549451871,0.09151899997517784,0.08855811959379037,0.018702394480659135,0.01574151409927166,0.018702394480659135,0.01574151409927166
oracle_fixed_per_seed,gaussian,9,gaussian,0.25,frank,0.25,0.0,1.1355932203389831,21.576271186440678,0.48640000000000005,0.07281660549451871,0.09151899997517784,0.0933469470427176,0.018702394480659135,0.020530341548198897,0.018702394480659135,0.020530341548198897
oracle_fixed_per_seed,gaussian,9,gaussian,0.5,clayton,0.5,0.0,1.1101694915254239,21.093220338983052,0.5131,0.07281660549451871,0.10887132785916999,0.082541679329363,0.03605472236465128,0.009725073834844292,0.03605472236465128,0.009725073834844292
oracle_fixed_per_seed,gaussian,9,gaussian,0.5,frank,0.5,0.0,1.1101694915254239,21.093220338983052,0.5131,0.07281660549451871,0.10887132785916999,0.09044217444678083,0.03605472236465128,0.017625568952262125,0.03605472236465128,0.017625568952262125
oracle_fixed_per_seed,gaussian,9,gaussian,0.8,clayton,0.8,0.0,1.1101694915254239,21.093220338983052,0.5041,0.07281660549451871,0.12621626135489528,0.07950265989270766,0.053399655860376566,0.006686054398188951,0.053399655860376566,0.006686054398188951
oracle_fixed_per_seed,gaussian,9,gaussian,0.8,frank,0.8,0.0,1.1101694915254239,21.093220338983052,0.5041,0.07281660549451871,0.12621626135489528,0.0853626374100418,0.053399655860376566,0.012546031915523087,0.053399655860376566,0.012546031915523087
